Player,PTS,STL,BLK,AST,TRB,gID
Magic Johnson,15,7,0,10,10,197910280LAL
Magic Johnson,24,3,0,12,16,197911110LAL
Larry Bird,23,3,2,10,19,197911140BOS
George McGinnis,20,3,0,10,11,197911160DEN
Magic Johnson,20,6,0,11,11,197911160DEN
Reggie Theus,28,1,0,10,17,197911170CHI
Julius Erving,26,NA,5,10,10,197911200SAS
Kareem Abdul-Jabbar,25,0,11,3,15,197911250LAL
George McGinnis,12,4,1,12,16,197911270WSB
Foots Walker,15,5,0,11,10,197912020CLE
Sam Lacey,18,3,1,11,21,197912260KCK
Wes Unseld,12,NA,0,11,12,197912270WSB
Micheal Ray Richardson,18,4,0,15,12,197912290NYK
Micheal Ray Richardson,18,7,1,14,11,198001110MIL
Kareem Abdul-Jabbar,28,1,10,2,15,198001180LAL
Micheal Ray Richardson,22,3,0,18,10,198001230PHO
Mickey Johnson,37,1,1,10,11,198001260CLE
Magic Johnson,19,3,0,11,10,198002050NYK
Magic Johnson,19,0,0,13,13,198002080NJN
Micheal Ray Richardson,16,5,0,14,13,198002230NYK
Marques Johnson,25,1,2,11,11,198002270PHO
Magic Johnson,21,3,2,13,13,198003160LAL
Magic Johnson,16,3,0,10,12,198003300GSW
Magic Johnson,13,2,0,16,12,198004080LAL
Magic Johnson,25,6,0,11,13,198004090LAL
Magic Johnson,14,3,0,10,15,198005140LAL
Micheal Ray Richardson,20,7,0,13,10,198010140NYK
Magic Johnson,24,6,1,11,13,198010260LAL
Magic Johnson,20,4,1,12,10,198011040LAL
Marques Johnson,20,1,1,10,13,198011160MIL
Mickey Johnson,18,2,1,11,10,198012170NJN
Larry Bird,27,5,2,10,10,198012300PHO
Micheal Ray Richardson,18,5,0,11,16,198101160DAL
Purvis Short,19,0,0,12,10,198102220GSW
Larry Bird,28,1,0,10,10,198103060IND
Magic Johnson,21,4,1,10,16,198103100LAL
Micheal Ray Richardson,27,2,0,19,15,198103210NYK
Micheal Ray Richardson,26,6,2,11,12,198103240NYK
Magic Johnson,41,1,0,11,12,198103280UTA
Magic Johnson,33,6,1,17,15,198103290LAL
Larry Bird,24,NA,2,10,17,198104100CHI
Sam Lacey,12,0,2,10,11,198104120KCK
Magic Johnson,27,3,1,12,14,198110300LAL
Magic Johnson,10,0,0,10,12,198111030POR
Magic Johnson,20,3,1,16,10,198111200LAL
Magic Johnson,12,3,1,11,11,198111290LAL
Gus Williams,29,3,1,10,10,198112080HOU
Magic Johnson,23,4,0,10,12,198112110LAL
Edgar Jones,25,2,10,1,13,198112170DET
Micheal Ray Richardson,26,NA,0,11,11,198201120UTA
Larry Bird,28,3,3,15,19,198201130BOS
Magic Johnson,22,2,1,14,16,198201190DEN
Micheal Ray Richardson,14,NA,2,12,11,198201210NYK
Kareem Abdul-Jabbar,19,NA,10,0,10,198201220LAL
Adrian Dantley,39,NA,0,11,10,198201260UTA
Magic Johnson,17,1,0,10,14,198202020GSW
Rich Kelley,16,0,1,11,12,198202040SAS
Micheal Ray Richardson,14,4,0,15,14,198202070POR
Larry Bird,22,3,0,14,12,198202210SEA
Micheal Ray Richardson,15,7,0,12,12,198202230NYK
Magic Johnson,18,NA,0,10,10,198202260LAL
Rich Kelley,16,4,1,10,11,198203030PHO
Alex English,22,0,3,15,11,198203050DEN
Alex English,32,1,3,10,13,198203160DEN
Johnny Moore,11,6,0,13,10,198203240DEN
Alex English,33,1,1,12,13,198203300DEN
Magic Johnson,23,3,0,10,11,198204060HOU
Magic Johnson,20,NA,1,10,11,198204140LAL
Magic Johnson,15,2,0,12,15,198204180PHO
Magic Johnson,23,1,0,10,10,198204270LAL
Magic Johnson,19,5,0,12,12,198204280LAL
Magic Johnson,15,3,0,12,11,198205020PHO
Larry Bird,24,4,1,10,15,198205090BOS
Larry Bird,15,1,1,11,13,198205150PHI
Magic Johnson,13,4,2,13,13,198206080LAL
Magic Johnson,22,1,1,10,10,198210290LAL
Magic Johnson,17,0,1,13,15,198211030DEN
Magic Johnson,14,0,0,10,10,198211070LAL
Magic Johnson,10,2,0,12,10,198211210LAL
Tree Rollins,10,NA,11,2,15,198211270ATL
Magic Johnson,19,NA,0,13,12,198212100UTA
Alex English,33,5,1,10,10,198212150MIL
Tree Rollins,14,3,10,0,15,198212210CHI
Danny Schayes,13,0,0,11,12,198212220LAL
Ray Williams,25,2,1,10,10,198212260KCK
Larry Bird,14,NA,0,11,15,198301010UTA
Magic Johnson,23,2,0,20,12,198301050PHI
Larry Bird,25,1,1,10,12,198301070SAS
Marques Johnson,22,2,0,10,10,198301120PHI
Mark Aguirre,30,1,0,16,11,198301140DAL
Mark Eaton,12,NA,12,6,14,198302050DEN
Isiah Thomas,46,4,0,11,10,198302080SAS
Magic Johnson,26,3,0,11,10,198302080SEA
Magic Johnson,20,2,1,10,13,198302230LAL
Mickey Johnson,21,0,1,10,11,198303100HOU
Michael Brooks,10,2,1,10,11,198303110SDC
Magic Johnson,18,3,1,14,12,198303120LAL
Magic Johnson,23,4,0,11,15,198303220LAL
Magic Johnson,22,5,0,11,12,198303250LAL
Alvan Adams,30,1,2,10,12,198303290PHO
Magic Johnson,22,0,1,12,16,198303310DEN
Mychal Thompson,24,0,1,11,12,198304050POR
Magic Johnson,11,3,1,13,16,198304050POR
Dan Roundfield,11,1,3,11,10,198304080ATL
Ray Williams,14,NA,0,10,11,198304080KCK
Magic Johnson,36,3,3,14,13,198304080LAL
Magic Johnson,13,2,2,13,11,198305130SAS
Magic Johnson,16,2,1,19,11,198305180LAL
Lewis Lloyd,28,3,0,10,11,198310290HOU
Magic Johnson,12,4,1,13,11,198311020SDC
Tree Rollins,15,3,10,2,11,198311040ATL
Magic Johnson,29,1,0,14,12,198311080DEN
Magic Johnson,30,3,0,16,13,198311130LAL
Larry Bird,28,1,1,10,11,198311150DEN
Larry Bird,16,1,0,11,11,198311220NYK
Larry Bird,23,4,0,13,14,198311300BOS
Marques Johnson,21,2,1,11,10,198311300MIL
Larry Bird,22,0,2,13,11,198312040BOS
Ralph Sampson,28,0,13,5,18,198312090CHI
Sidney Moncrief,16,1,0,10,10,198312230CLE
Ray Williams,12,2,1,10,10,198401060DET
Magic Johnson,19,5,2,12,10,198401060LAL
Mychal Thompson,24,0,4,11,16,198401060POR
Magic Johnson,12,2,0,12,12,198401210SAS
Magic Johnson,10,1,2,17,10,198402010DEN
John Lucas,18,3,0,16,10,198402050SAS
Larry Bird,17,3,0,12,14,198402100BOS
Sidney Moncrief,27,0,1,10,10,198402100MIL
Jeff Ruland,18,2,0,10,14,198402100WSB
Magic Johnson,13,2,1,13,10,198402100WSB
Magic Johnson,23,1,0,15,10,198402120LAL
Jack Sikma,21,0,1,10,16,198402140GSW
Magic Johnson,33,2,2,16,13,198402170LAL
Larry Bird,30,3,1,13,13,198402170SEA
Magic Johnson,22,0,0,11,13,198402220SEA
Alex English,22,1,0,10,10,198403210DEN
Magic Johnson,24,2,1,19,12,198403210KCK
Magic Johnson,14,4,1,10,11,198403290LAL
Jeff Ruland,18,2,2,12,13,198404030WSB
Larry Bird,30,1,1,10,10,198404080BOS
Elvin Hayes,16,0,1,11,17,198404130HOU
Jeff Ruland,17,0,0,10,13,198404170BOS
Rickey Green,15,2,0,12,10,198404220DEN
Magic Johnson,17,2,1,13,10,198404220KCK
Magic Johnson,14,2,1,16,11,198405060DAL
Larry Bird,39,3,0,10,12,198405130BOS
Magic Johnson,16,1,1,13,11,198405250PHO
Magic Johnson,14,1,1,21,11,198406030LAL
Magic Johnson,20,2,0,17,11,198406060LAL
Magic Johnson,16,3,0,10,12,198410300LAL
Magic Johnson,10,3,0,14,10,198411010SEA
Mark Eaton,12,1,10,0,11,198411070UTA
Jeff Ruland,22,0,0,10,12,198411160WSB
Magic Johnson,20,1,0,14,10,198411280UTA
Magic Johnson,28,3,1,14,10,198412040CLE
Johnny Moore,17,4,0,14,10,198412090LAC
Johnny Moore,13,4,2,16,10,198412120SAS
Jack Sikma,17,0,6,10,14,198412160DEN
Magic Johnson,25,0,0,20,14,198412180ATL
Magic Johnson,25,1,0,12,10,198412210LAL
Larry Bird,34,3,0,10,11,198412260PHO
Larry Bird,13,0,3,13,13,198412270LAC
Magic Johnson,21,1,0,14,11,198412280DEN
Magic Johnson,15,1,1,16,10,198412290LAL
Larry Bird,18,1,0,10,15,198412290SAS
Paul Pressey,17,1,1,11,12,198501030MIL
Johnny Moore,14,4,0,14,10,198501030SAS
Micheal Ray Richardson,26,4,0,12,11,198501040NJN
Isiah Thomas,27,4,0,13,11,198501050WSB
Larry Bird,26,3,2,10,10,198501070NYK
Johnny Moore,26,9,1,13,11,198501080SAS
Michael Jordan,35,3,1,15,14,198501140CHI
Mark Eaton,12,0,14,3,20,198501180UTA
Mark Eaton,12,0,10,1,20,198502010DAL
Sidney Moncrief,21,1,2,11,11,198502010SEA
Sidney Moncrief,26,1,1,10,10,198502040MIL
Artis Gilmore,25,2,10,1,13,198502040SAS
Mark Eaton,17,1,10,2,10,198502050POR
John Bagley,10,2,0,16,11,198502060BOS
Johnny Moore,12,4,0,11,10,198502070SAS
Isiah Thomas,25,2,1,24,10,198502070WSB
Larry Bird,30,9,2,10,12,198502180UTA
Larry Nance,19,5,1,11,10,198502200PHO
Magic Johnson,15,0,1,17,10,198502210KCK
Magic Johnson,15,1,1,18,11,198502260LAL
Michael Jordan,21,3,0,10,10,198503010CHI
Clyde Drexler,19,0,0,10,10,198503010POR
Larry Bird,30,1,0,10,15,198503030BOS
Clyde Drexler,13,4,1,10,11,198503050ATL
Larry Bird,20,2,3,10,19,198503050NYK
Bernard King,42,4,0,13,10,198503090NYK
Michael Jordan,32,1,1,16,11,198503170CHI
Larry Bird,13,0,0,10,11,198503200BOS
Magic Johnson,25,1,0,19,10,198503240LAL
Andrew Toney,28,1,1,12,11,198503240PHI
Micheal Ray Richardson,14,4,1,11,11,198503270NJN
Alvan Adams,31,1,1,11,13,198504040PHO
Eddie Johnson,18,0,0,10,14,198504140KCK
Alvan Adams,21,3,0,13,14,198504140PHO
Clyde Drexler,20,2,1,10,10,198504230POR
Johnny Moore,17,4,2,16,10,198504260SAS
Fat Lever,19,2,0,18,16,198504300DEN
Clyde Drexler,18,4,3,14,11,198505030POR
Magic Johnson,20,2,0,12,11,198506050LAL
Magic Johnson,14,1,0,14,10,198506090BOS
Larry Bird,21,8,1,10,12,198510250NJN
Micheal Ray Richardson,38,9,0,11,11,198510300NJN
Magic Johnson,19,2,1,12,10,198511080LAL
Steve Stipanovich,20,2,0,10,14,198511160IND
Alvin Robertson,14,3,2,10,12,198511220SAS
Mark Aguirre,25,2,0,12,13,198511230DAL
Larry Bird,18,2,0,10,10,198511230NYK
Fat Lever,14,2,0,14,12,198511270GSW
Magic Johnson,14,4,0,17,16,198511290LAL
Jeff Ruland,29,1,2,11,11,198511300WSB
Jeff Ruland,28,1,2,10,16,198512040PHI
Sidney Moncrief,17,2,0,11,10,198512180MIL
Alvan Adams,24,1,1,10,12,198512210PHO
John Bagley,18,2,0,13,11,198512280CLE
Alvin Robertson,14,5,1,10,10,198512280SAS
Clyde Drexler,23,3,0,11,15,198512300POR
Cliff Robinson,28,2,1,10,13,198601020NYK
Clyde Drexler,18,3,0,10,10,198601030POR
Hakeem Olajuwon,26,2,11,7,12,198601070HOU
Lewis Lloyd,28,2,1,10,10,198601140HOU
Gene Banks,18,2,1,10,10,198602010CHI
Mike Mitchell,26,0,0,10,10,198602040SAS
Larry Bird,31,1,1,11,15,198602130SEA
Larry Bird,47,1,2,11,14,198602140POR
Alvin Robertson,20,10,0,10,11,198602180SAS
Larry Bird,36,0,1,11,12,198602190GSW
Larry Bird,30,4,0,12,11,198602230BOS
Larry Bird,24,1,0,13,18,198602250NYK
Larry Bird,20,1,0,12,13,198602280BOS
Clyde Drexler,24,5,1,13,12,198603010POR
Reggie Theus,32,2,0,15,14,198603120DAL
Magic Johnson,19,2,0,12,12,198603160LAL
Paul Pressey,11,3,2,10,10,198603250MIL
Larry Bird,29,2,1,13,11,198604020BOS
Charles Barkley,27,0,2,10,22,198604040PHI
Larry Bird,18,1,0,10,10,198604060PHI
Magic Johnson,14,2,0,17,10,198604230SAS
Isiah Thomas,30,1,0,12,10,198604250DET
Charles Barkley,19,2,1,12,15,198604270PHI
Magic Johnson,29,2,0,14,15,198605040DAL
Ralph Sampson,33,2,5,10,17,198605060HOU
Paul Pressey,23,0,0,16,10,198605070MIL
Maurice Cheeks,16,2,0,13,10,198605090PHI
Larry Bird,19,1,0,13,16,198605170MIL
Magic Johnson,20,1,0,11,12,198605180HOU
Larry Bird,25,4,0,11,15,198606010HOU
Larry Bird,29,3,0,12,11,198606080BOS
Mark Eaton,15,3,12,2,20,198611010UTA
Charles Barkley,34,2,4,14,10,198611040IND
Fat Lever,13,0,0,14,12,198611060DEN
Paul Pressey,17,0,0,12,10,198611110MIL
Clyde Drexler,24,3,2,11,12,198611140POR
Vern Fleming,15,0,0,10,12,198611150IND
Alvin Robertson,34,7,2,10,10,198611190SAS
Rodney McCray,13,0,0,14,10,198611200HOU
Isiah Thomas,12,1,0,15,11,198611280DET
Fat Lever,20,1,0,12,10,198612030BOS
Fat Lever,12,1,1,10,10,198612090CHI
Paul Pressey,27,5,0,11,10,198612100MIL
Magic Johnson,25,1,1,14,11,198612160CLE
Fat Lever,17,6,0,14,11,198612160SAC
Brad Daugherty,19,0,3,11,10,198612190CLE
Charles Barkley,15,3,0,11,14,198612190PHI
Chuck Person,34,1,0,10,12,198612200NYK
Fat Lever,23,1,1,12,11,198701020DEN
Magic Johnson,26,1,0,11,10,198701040LAL
Fat Lever,17,4,0,10,10,198701100DEN
Terry Cummings,39,6,0,10,15,198701160MIL
Magic Johnson,29,1,0,11,10,198701220IND
Fat Lever,25,2,2,12,15,198701240DEN
Fat Lever,36,2,0,10,12,198701260POR
Fat Lever,24,3,2,10,14,198701290DEN
Detlef Schrempf,15,0,0,10,10,198701300DAL
Isiah Thomas,14,1,1,13,11,198702010DET
Orlando Woolridge,24,2,3,10,11,198702010GSW
Larry Bird,26,3,0,14,15,198702030ATL
Fat Lever,26,6,1,11,14,198702030HOU
Terry Porter,18,4,0,13,10,198702050POR
Charles Oakley,20,2,2,11,12,198702100CHI
Larry Bird,16,1,2,11,12,198702180DAL
Fat Lever,10,7,1,14,10,198702180DEN
Fat Lever,18,3,1,13,12,198702240DEN
Charles Barkley,18,3,1,10,17,198702260SAS
Manute Bol,10,0,15,1,19,198702260WSB
Magic Johnson,21,1,0,15,10,198702270LAL
Fat Lever,15,4,1,10,16,198703020DEN
Fat Lever,20,3,0,15,10,198703050DEN
Terry Porter,14,5,0,10,11,198703050SEA
Hakeem Olajuwon,38,7,12,6,17,198703100HOU
Clyde Drexler,30,2,0,10,10,198703120LAL
Charles Barkley,30,2,1,10,14,198703140DET
Magic Johnson,27,2,0,19,11,198703180LAL
Fat Lever,27,1,0,11,13,198703210WSB
Magic Johnson,33,3,1,19,12,198703220LAL
Dave Greenwood,14,2,1,10,15,198703240SAS
Charles Barkley,28,1,2,10,15,198703270PHI
Larry Bird,17,1,0,12,13,198703290BOS
Robert Parish,14,1,2,10,10,198703290BOS
Charles Oakley,15,1,0,10,14,198703290CHI
Magic Johnson,21,2,0,13,10,198703310LAL
Larry Bird,30,1,3,15,17,198704010BOS
Magic Johnson,34,2,0,13,10,198704020SEA
Magic Johnson,35,1,0,11,10,198704030POR
Magic Johnson,23,1,0,10,11,198704050DEN
Larry Bird,39,1,0,12,10,198704050PHI
Fat Lever,28,3,0,10,11,198704070GSW
Rodney McCray,20,1,3,10,13,198704090HOU
Magic Johnson,18,3,0,13,12,198704100LAL
Clyde Drexler,29,3,0,10,12,198704170POR
Magic Johnson,25,2,0,14,12,198705050LAL
Magic Johnson,20,2,0,14,10,198705090GSW
Rodney McCray,24,1,0,11,10,198705120HOU
Larry Bird,18,2,1,11,16,198705190BOS
Magic Johnson,20,2,1,10,10,198705190LAL
Fat Lever,11,5,0,10,10,198711060DEN
Magic Johnson,23,1,0,12,10,198711080LAL
Fat Lever,15,2,0,11,12,198711210LAC
Fat Lever,21,8,0,14,13,198711240DEN
Paul Pressey,18,2,0,10,13,198711250MIL
Fat Lever,16,5,1,10,10,198712010HOU
Magic Johnson,22,2,0,12,10,198712040MIL
Magic Johnson,13,2,1,14,13,198712080NJN
Fat Lever,18,2,0,13,11,198712090BOS
Sleepy Floyd,23,1,1,10,13,198712190HOU
Terry Porter,15,5,0,14,10,198712260CLE
Doc Rivers,29,4,0,12,14,198712290CHI
Paul Pressey,16,2,0,11,10,198712300MIL
Michael Jordan,25,6,3,10,10,198801020CHI
Larry Nance,17,0,10,5,11,198801040PHI
Maurice Cheeks,17,2,0,12,10,198801060PHI
Fat Lever,31,6,1,12,16,198801070CHI
Vern Fleming,18,1,0,12,12,198801130DAL
Magic Johnson,27,2,0,13,11,198801130LAC
Michael Jordan,36,4,4,10,10,198801160CHI
Mark Jackson,11,1,0,13,10,198801180NYK
Nate McMillan,16,4,0,15,11,198801180SEA
Doc Rivers,19,2,1,10,10,198801190ATL
Vern Fleming,15,3,0,12,11,198801200LAC
Magic Johnson,18,1,1,14,10,198801210DEN
John Bagley,19,3,0,10,10,198802010DAL
Brad Daugherty,20,0,1,11,10,198802030WSB
Magic Johnson,18,1,0,11,10,198802040LAC
Larry Bird,39,1,3,10,17,198802100SAS
Fat Lever,19,0,1,10,13,198802120POR
Terry Porter,13,2,0,13,10,198802140POR
Magic Johnson,29,1,0,19,11,198802190ATL
Fat Lever,15,1,1,16,10,198802240UTA
Winston Garland,20,1,0,11,10,198802260GSW
Doc Rivers,21,1,0,14,10,198802270ATL
Fat Lever,20,6,0,12,20,198803020DEN
Magic Johnson,14,1,0,16,10,198803060DAL
Magic Johnson,24,3,0,17,11,198803070PHI
Vern Fleming,18,2,0,13,10,198803080IND
Kevin Johnson,14,2,0,11,10,198803160GSW
Alvin Robertson,15,8,1,12,10,198803250SAS
Fat Lever,21,2,0,15,10,198803310DEN
Cedric Maxwell,23,2,1,10,15,198803310IND
Alvin Robertson,18,0,0,10,13,198804080SAS
Magic Johnson,23,4,1,13,11,198804120LAL
Larry Bird,26,2,1,10,10,198804130BOS
Magic Johnson,14,0,0,10,11,198804130DEN
Kevin Johnson,11,4,0,11,13,198804130PHO
Mark Jackson,25,3,0,10,10,198804150NYK
Kevin Johnson,31,3,2,14,10,198804160PHO
Fat Lever,25,0,0,13,19,198804170DEN
Magic Johnson,19,1,0,12,10,198804170HOU
Hakeem Olajuwon,38,5,10,4,10,198804210HOU
Dennis Johnson,19,1,0,12,10,198805060NYK
Fat Lever,11,2,0,12,11,198805140DAL
James Worthy,36,2,0,10,16,198806210LAL
Magic Johnson,25,6,0,13,12,198811220NYK
Magic Johnson,32,2,0,20,11,198811280PHI
Fat Lever,17,4,0,12,13,198811290DEN
Rodney McCray,20,2,0,10,12,198812010SAC
Magic Johnson,17,3,0,15,12,198812020LAL
Fat Lever,15,1,0,17,10,198812060NYK
Magic Johnson,19,0,1,18,12,198812070LAL
Magic Johnson,32,0,0,13,11,198812100IND
Magic Johnson,31,1,1,13,12,198812130CLE
Vern Fleming,10,2,2,12,13,198812130IND
Terry Porter,17,2,1,15,13,198812160PHO
Fat Lever,12,1,0,10,18,198812170DEN
Winston Garland,22,4,0,11,10,198812200GSW
Terry Porter,12,1,0,13,10,198812270SAC
Magic Johnson,26,2,0,18,10,198812280LAL
Michael Jordan,41,6,0,11,10,198901030CHI
Scottie Pippen,15,2,0,12,10,198901030CHI
Clyde Drexler,33,0,0,10,11,198901040LAL
John Williams,11,5,0,13,10,198901060WSB
Chris Mullin,39,2,0,11,11,198901090GSW
Rodney McCray,18,4,1,10,10,198901110LAC
Michael Jordan,38,3,0,11,12,198901130CHI
Magic Johnson,17,0,0,18,13,198901160LAL
Mark Jackson,24,1,0,12,10,198901160NYK
Chuck Person,17,1,0,10,10,198901190IND
Kevin Johnson,18,4,0,15,10,198901210CHI
Magic Johnson,26,5,1,11,11,198901240LAL
Magic Johnson,12,2,0,10,10,198901270LAL
Michael Jordan,21,2,1,10,12,198901310CHI
Ron Harper,25,1,1,10,10,198901310CLE
Magic Johnson,17,1,0,10,11,198901310HOU
Darrell Walker,15,5,2,11,11,198901310WSB
Fat Lever,23,2,0,11,13,198902020DEN
Lester Conner,13,4,0,13,11,198902020GSW
Jerome Kersey,14,1,1,10,10,198902040POR
Lester Conner,13,3,0,11,10,198902070NJN
Nate McMillan,10,3,2,12,14,198902140SEA
Nate McMillan,16,4,0,16,13,198902170SEA
Kevin Johnson,24,1,0,12,10,198902180SAC
Clyde Drexler,18,4,1,12,11,198902240CLE
Fat Lever,16,2,1,16,12,198902260DEN
Clyde Drexler,26,2,0,10,11,198902260MIA
Charles Barkley,30,2,1,11,15,198903010SAC
Fat Lever,17,0,1,10,11,198903020DEN
Lester Conner,13,6,0,11,13,198903020NJN
Michael Jordan,21,3,2,14,14,198903130CHI
Magic Johnson,19,1,1,11,12,198903130LAL
Otis Thorpe,10,0,0,11,11,198903160HOU
Magic Johnson,31,2,2,13,12,198903170LAL
Alvin Robertson,27,7,1,10,11,198903180SAS
Magic Johnson,25,0,0,14,10,198903230SAC
Ken Norman,20,2,2,12,14,198903250LAC
Michael Jordan,21,3,0,12,12,198903250SEA
Magic Johnson,34,1,0,18,10,198903260LAL
Fat Lever,24,2,0,12,11,198903270LAC
Michael Jordan,33,4,0,11,12,198903280CHI
Mark Jackson,27,3,0,12,10,198903280NYK
Michael Jordan,32,2,1,10,10,198903290MIL
Michael Jordan,37,3,1,10,10,198903310CHI
Benoit Benjamin,25,1,10,3,10,198903310LAC
Magic Johnson,20,2,0,15,17,198904010DEN
Michael Jordan,27,2,2,12,14,198904020CHI
Michael Jordan,33,6,1,12,10,198904040CHI
Clyde Drexler,25,1,1,10,13,198904040POR
Michael Jordan,31,2,0,10,13,198904060DET
Alvin Robertson,19,4,0,10,10,198904080SAS
Michael Jordan,40,1,0,12,10,198904090ATL
Fat Lever,26,3,0,11,11,198904090POR
Darrell Walker,20,6,0,10,12,198904090WSB
Terry Porter,10,4,1,15,10,198904110POR
Michael Jordan,47,4,2,13,11,198904130IND
Michael Jordan,29,3,2,12,10,198904140NJN
Magic Johnson,24,3,1,17,17,198904180LAL
Rory Sparrow,24,1,0,10,10,198904180MIA
Doc Rivers,20,3,0,10,12,198904190MIL
Michael Jordan,34,2,1,11,14,198904210CHI
Fat Lever,15,5,0,23,13,198904210GSW
Charles Barkley,31,4,2,11,16,198904230PHI
Fat Lever,20,4,0,17,12,198904280PHO
Michael Jordan,34,2,0,12,10,198905090NYK
Isiah Thomas,17,0,1,13,10,198905150MIL
Fat Lever,20,5,0,12,14,198911080DEN
Magic Johnson,19,1,0,10,10,198911090GSW
Fat Lever,19,2,0,10,14,198911090HOU
Darrell Walker,11,2,0,12,14,198911100WSB
Hakeem Olajuwon,24,5,12,2,21,198911110HOU
Larry Bird,12,1,1,10,15,198911150BOS
Magic Johnson,25,1,1,14,10,198911190LAL
Jeff Hornacek,22,4,1,15,12,198911240PHO
Nate McMillan,12,0,0,14,11,198911280SAS
Larry Bird,11,1,0,11,13,198912050CHH
Danny Ainge,27,2,0,13,11,198912050SAC
Magic Johnson,18,1,1,12,11,198912070LAL
Larry Bird,24,2,1,12,12,198912080BOS
Larry Bird,40,1,2,10,11,198912130BOS
Hakeem Olajuwon,32,3,10,2,25,198912170HOU
Magic Johnson,18,4,0,10,12,198912190CHI
Kevin Johnson,31,1,1,13,10,198912260PHO
Larry Bird,37,2,0,10,11,198912270SAC
Darrell Walker,12,4,0,13,12,198912300WSB
Tim Hardaway,19,1,0,19,10,199001080GSW
Magic Johnson,31,1,0,11,11,199001120LAL
Mark Price,25,1,0,12,11,199001150CLE
Larry Bird,14,1,1,10,10,199001170ORL
Alvin Robertson,19,4,0,11,15,199001210MIL
Gary Grant,22,4,0,17,11,199001300LAC
Sam Vincent,21,0,0,17,11,199001300ORL
Alvin Robertson,16,2,1,10,14,199002010MIL
David Robinson,27,2,11,3,15,199002020CHH
Tim Hardaway,12,1,0,14,10,199002020GSW
Darrell Walker,15,2,0,10,15,199002050WSB
Magic Johnson,24,3,0,15,10,199002060POR
David Robinson,23,1,10,2,16,199002200SAS
Magic Johnson,17,0,0,17,11,199002210DEN
Michael Jordan,35,1,0,10,10,199002230CHI
David Robinson,24,3,12,2,12,199002230SAS
Fat Lever,18,3,0,12,12,199002250DEN
Hakeem Olajuwon,29,5,11,9,18,199003030HOU
Clyde Drexler,39,1,0,12,11,199003070BOS
Charles Barkley,15,2,1,11,12,199003070PHI
Darrell Walker,12,4,0,17,10,199003090BOS
Magic Johnson,33,3,0,16,13,199003090LAL
Larry Bird,29,1,0,11,18,199003180BOS
Charles Barkley,29,5,2,10,15,199003190NJN
Fat Lever,17,2,2,10,11,199003200DEN
Scott Skiles,23,1,0,17,12,199003200NYK
Larry Bird,25,1,2,16,10,199003210BOS
Kevin Johnson,13,0,0,18,10,199003230PHO
Darrell Walker,21,2,1,10,11,199003240WSB
Darrell Walker,10,0,2,13,16,199003280WSB
Hakeem Olajuwon,18,1,11,10,16,199003290HOU
Magic Johnson,25,0,0,14,10,199003300LAL
Darrell Walker,14,5,0,12,11,199004010NJN
Tim Hardaway,25,3,0,12,10,199004030ORL
Larry Bird,11,1,1,10,15,199004060CLE
Magic Johnson,21,0,0,13,10,199004130LAL
Darrell Walker,11,1,0,11,10,199004140WSB
Larry Bird,17,3,1,13,17,199004150BOS
Magic Johnson,25,0,0,11,11,199004150LAL
Kevin Johnson,20,2,0,17,11,199004180PHO
Fat Lever,20,2,0,11,22,199004200DEN
Darrell Walker,11,1,0,15,13,199004220WSB
Larry Bird,24,1,0,10,18,199004260BOS
Scottie Pippen,17,3,3,13,10,199004270CHI
Hakeem Olajuwon,11,2,10,1,11,199004290LAL
Magic Johnson,24,2,0,14,15,199011110LAL
Darrell Walker,12,2,0,10,12,199011130CHH
Alvin Robertson,15,4,0,11,10,199011130MIL
Clyde Drexler,39,0,0,12,11,199011130POR
Magic Johnson,24,3,1,16,10,199011150HOU
Magic Johnson,21,0,0,11,10,199011190DEN
Scottie Pippen,13,2,1,12,13,199011230LAC
Larry Bird,21,2,1,11,14,199011260BOS
Alvin Robertson,17,3,0,15,10,199011300MIL
Magic Johnson,25,1,1,15,12,199012010PHO
Magic Johnson,21,0,0,14,12,199012040LAL
Darrell Walker,22,5,0,10,10,199012140WSB
Hakeem Olajuwon,24,2,11,4,16,199012200HOU
Scottie Pippen,18,1,1,11,10,199012220CHI
Larry Bird,14,0,2,10,10,199012230BOS
Alvin Robertson,25,5,1,12,16,199012260MIL
David Robinson,27,0,11,2,13,199012280SAS
Magic Johnson,34,2,0,13,13,199012300LAL
Tyrone Corbin,10,2,1,10,13,199101020MIN
David Robinson,43,4,10,3,12,199101100SAS
Magic Johnson,27,0,0,14,10,199101110LAL
David Robinson,22,0,11,5,18,199101120SAS
Clyde Drexler,32,3,3,11,10,199101150MIN
Darrell Walker,10,0,0,13,15,199101210WSB
Darrell Walker,12,2,0,13,10,199101230WSB
Michael Adams,45,4,0,12,11,199101310DEN
Larry Bird,11,2,0,11,11,199102150LAL
Magic Johnson,18,0,0,17,10,199102190HOU
Magic Johnson,21,0,1,12,10,199102210DAL
Gary Payton,18,5,0,11,10,199102230SEA
Clyde Drexler,11,1,0,11,14,199102260SAS
Reggie Miller,22,2,0,10,10,199103050IND
Magic Johnson,21,2,0,14,11,199103120MIA
Clyde Drexler,20,1,0,10,13,199103200LAC
Magic Johnson,19,2,0,14,12,199103250SAC
Detlef Schrempf,16,0,0,12,11,199103260IND
Magic Johnson,23,0,0,12,10,199103290LAL
Magic Johnson,30,2,1,10,12,199104020SAS
Scottie Pippen,20,4,0,12,10,199104040NYK
Mark Jackson,26,1,0,11,10,199104120NYK
John Williams,22,1,0,12,10,199104160WSB
Chris Morris,17,1,1,10,14,199104210ORL
Larry Bird,21,3,0,12,12,199104260BOS
Charles Barkley,22,1,1,10,13,199104270MIL
Magic Johnson,21,3,0,17,10,199105050LAL
Clyde Drexler,15,1,0,10,11,199105120UTA
Magic Johnson,28,0,0,12,14,199105140LAL
Magic Johnson,19,1,0,11,10,199106020CHI
Magic Johnson,16,1,0,20,11,199106120LAL
Mark Jackson,12,0,0,13,10,199111220DET
Lionel Simmons,10,2,7,10,14,199111260SAC
Jeff Hornacek,31,2,0,14,10,199111290PHO
Scottie Pippen,28,1,2,10,15,199112040CHI
Michael Jordan,19,1,0,10,11,199112060CHI
Willie Anderson,18,1,0,10,12,199112170DAL
Gary Payton,17,1,0,12,11,199112210SEA
Derrick Coleman,19,1,1,11,12,199112270CHH
Mitch Richmond,29,4,1,10,10,199201020SAC
Detlef Schrempf,10,0,0,10,17,199201080IND
Otis Thorpe,16,3,0,10,13,199201140HOU
Tim Hardaway,27,0,1,10,10,199201160HOU
Nick Anderson,32,1,1,10,12,199201240ORL
Micheal Williams,19,3,0,10,11,199201310IND
David Robinson,23,1,11,3,14,199202040SAS
Kevin Johnson,16,1,0,12,10,199202140LAC
Michael Jordan,33,4,0,14,10,199202210ATL
David Robinson,27,3,3,11,12,199203140SAS
Larry Bird,49,4,1,12,14,199203150BOS
Brad Daugherty,32,2,1,11,11,199203240CLE
Gary Payton,15,4,0,13,10,199203310SEA
Scottie Pippen,18,1,2,12,10,199204010CHI
Larry Nance,26,1,2,14,10,199204090CLE
Rodney McCray,13,0,1,11,13,199204110HOU
Ron Harper,28,1,1,10,11,199204170GSW
Scottie Pippen,17,3,0,11,11,199205170CHI
Scottie Pippen,22,0,0,10,10,199211060CLE
Scottie Pippen,16,2,0,10,12,199211110CHI
Scott Skiles,14,1,0,11,12,199211120ORL
Rod Strickland,11,2,0,13,10,199211220POR
Pooh Richardson,14,2,0,11,10,199211280CHH
Tom Gugliotta,19,5,0,11,12,199212050WSB
Mark Jackson,16,2,0,10,10,199212080CLE
Charles Barkley,23,2,1,10,12,199212090CHH
Michael Jordan,28,4,2,10,11,199212090CHI
Kenny Anderson,26,2,1,12,10,199212100NJN
Detlef Schrempf,25,1,1,14,12,199212100SAC
Brad Daugherty,11,2,4,11,12,199212120CLE
Micheal Williams,16,3,2,14,10,199212150MIN
Otis Thorpe,12,0,0,10,19,199212170HOU
Michael Jordan,23,4,1,10,10,199212190CHI
Micheal Williams,27,4,0,15,13,199212190GSW
Mark Jackson,21,2,1,10,12,199212220LAC
Kenny Anderson,13,2,1,11,11,199212280NJN
Michael Jordan,28,0,1,11,12,199212290CHH
Charles Barkley,25,2,1,10,17,199212300PHO
Detlef Schrempf,15,1,1,12,18,199301050IND
Detlef Schrempf,20,3,0,10,10,199301120IND
Scottie Pippen,13,3,1,10,10,199301120ORL
Michael Jordan,26,5,2,10,12,199301150CHI
Sam Perkins,16,1,0,10,13,199301240WSB
Hersey Hawkins,28,2,1,10,13,199301270PHI
Detlef Schrempf,34,1,1,10,12,199302130MIL
Steve Smith,21,0,1,12,10,199302150MIA
Charles Barkley,25,4,1,12,16,199302180PHO
Mark Jackson,10,2,1,14,11,199302260GSW
Charles Barkley,29,5,1,11,11,199302260PHO
Charles Barkley,27,3,0,11,19,199302280PHO
Scottie Pippen,39,2,1,10,13,199303050CHI
Kevin Gamble,23,4,0,10,11,199303160GSW
Larry Johnson,11,0,0,10,12,199303180CHH
Larry Johnson,21,2,0,11,10,199303190IND
Dikembe Mutombo,21,0,10,2,16,199303250DEN
David Robinson,13,1,3,10,16,199303260SAS
Charles Barkley,26,1,1,12,19,199304090PHO
Rumeal Robinson,17,1,0,11,12,199304100NJN
Derrick Coleman,33,6,1,10,15,199304150NJN
Dikembe Mutombo,16,1,12,2,21,199304180DEN
Rumeal Robinson,22,0,0,10,10,199304230NJN
David Robinson,20,0,7,11,17,199305070SAS
Charles Barkley,43,2,2,10,15,199306010PHO
Michael Jordan,29,2,1,14,10,199306020NYK
Scottie Pippen,15,2,2,12,12,199306110PHO
Charles Barkley,32,3,1,10,12,199306160CHI
David Robinson,43,3,10,1,11,199311090SAS
Kenny Anderson,24,1,0,12,13,199311160NJN
Shaquille O'Neal,24,1,15,3,28,199311200NJN
Dikembe Mutombo,17,0,11,1,13,199311260DEN
Mookie Blaylock,15,2,1,10,10,199311270ATL
David Robinson,23,4,2,10,11,199312030ORL
Kenny Anderson,32,3,0,11,10,199312130NJN
Scottie Pippen,22,5,1,10,11,199312200CHI
Danny Manning,12,1,1,10,12,199312220LAC
Scottie Pippen,16,2,0,10,10,199312230DET
Chris Webber,22,1,1,12,12,199312230GSW
Larry Johnson,29,0,0,11,20,199312270CHH
Charles Barkley,22,2,0,12,14,199312300PHO
Lionel Simmons,14,0,2,13,12,199401070SEA
David Robinson,27,0,8,10,12,199401110SAS
Chris Mullin,18,1,0,10,12,199401140GSW
Kenny Anderson,20,2,0,10,10,199401220NJN
Ron Harper,24,0,2,10,10,199402050LAC
Clarence Weatherspoon,15,0,0,13,15,199402070PHI
David Robinson,31,1,7,10,14,199402080SAS
Oliver Miller,14,2,4,11,15,199402090PHO
Vlade Divac,14,3,4,12,16,199402150LAL
Mitch Richmond,31,1,0,10,12,199402160SAC
David Robinson,34,2,10,10,10,199402170SAS
Derrick Coleman,13,2,2,10,12,199403060NJN
Vlade Divac,22,1,2,12,17,199403100LAL
Ron Harper,26,6,0,10,10,199403110LAC
Mark Jackson,11,1,0,17,13,199403130LAC
Shawn Kemp,15,0,0,12,11,199403200CHH
Mookie Blaylock,17,5,2,14,11,199403260ATL
Dikembe Mutombo,11,0,11,0,16,199404050DEN
Dikembe Mutombo,13,1,11,2,13,199404070DEN
Hakeem Olajuwon,26,5,4,10,13,199404070HOU
Anfernee Hardaway,14,3,0,12,11,199404150BOS
Derrick Coleman,31,2,1,10,12,199404190PHI
Mookie Blaylock,11,4,1,13,10,199405120ATL
Mookie Blaylock,14,4,1,13,10,199405170ATL
Dikembe Mutombo,12,2,11,2,14,199411080DAL
Mookie Blaylock,17,4,0,12,10,199411180ATL
Robert Pack,21,4,0,17,10,199411260DEN
Anfernee Hardaway,35,0,0,12,10,199411260MIL
Hakeem Olajuwon,37,3,2,12,13,199412010GSW
Billy Owens,19,2,1,10,10,199501050MIA
Vlade Divac,21,1,0,10,11,199501080LAL
Scottie Pippen,26,6,1,11,10,199501100CHI
Larry Johnson,23,0,0,10,10,199501110CHH
Reggie Williams,14,0,1,11,10,199501140DEN
Rod Strickland,26,1,0,18,11,199502150PHO
Mookie Blaylock,15,3,0,14,11,199503050ORL
Vin Baker,12,0,0,12,12,199503140MIL
Chris Webber,31,4,3,11,13,199503240LAL
Pooh Richardson,11,3,1,11,10,199503250LAC
Toni Kukoč,14,1,1,11,10,199503300CHI
Dikembe Mutombo,18,0,10,1,18,199504020CLE
Chris Mullin,25,2,4,13,13,199504040GSW
Jason Kidd,19,1,1,12,10,199504050DAL
Jason Kidd,11,1,0,13,10,199504070DAL
Grant Hill,21,2,1,10,11,199504070DET
Chris Webber,23,1,5,10,11,199504070WSB
Dana Barros,25,3,0,15,10,199504080PHI
Clyde Drexler,29,3,1,11,11,199504110HOU
Jason Kidd,38,3,0,10,11,199504110HOU
Bobby Phills,11,5,0,10,11,199504190CLE
Chris Webber,17,1,3,10,16,199504190WSB
Jason Kidd,10,2,1,13,12,199504200DAL
Scottie Pippen,18,0,1,12,13,199511090CLE
Kendall Gill,11,2,0,12,10,199511180SAS
Jason Kidd,25,6,0,11,15,199511210DAL
Damon Stoudamire,20,4,0,11,12,199511210TOR
Charles Barkley,20,0,0,11,12,199511220PHO
Scottie Pippen,15,2,0,13,10,199511220SAS
Dikembe Mutombo,22,1,10,2,16,199512020DEN
Grant Hill,24,1,0,11,13,199512020DET
Kendall Gill,18,2,0,12,11,199512120PHO
Hakeem Olajuwon,15,1,10,3,14,199512130VAN
Grant Hill,19,0,0,12,10,199512150DET
Derrick McKey,17,0,1,11,13,199512200IND
Chris Webber,40,2,0,10,10,199512270WSB
Grant Hill,17,0,1,11,10,199512280DET
Hakeem Olajuwon,22,2,1,10,18,199512280HOU
Brian Shaw,11,0,0,10,10,199512290ORL
Sherman Douglas,15,1,0,11,10,199601050MIL
Jason Kidd,33,1,1,16,12,199601120PHO
Jason Kidd,13,1,0,11,10,199601130DAL
Grant Hill,26,1,1,13,13,199601130NJN
Dennis Rodman,10,0,2,10,21,199601160CHI
Jason Kidd,29,3,0,10,10,199601230SAC
Clyde Drexler,24,3,0,10,10,199601270HOU
Jason Kidd,21,2,0,16,16,199601300DAL
Clyde Drexler,16,0,1,14,10,199602010CHH
Karl Malone,27,2,1,10,15,199602020UTA
Clyde Drexler,21,2,1,12,14,199602130HOU
Magic Johnson,15,1,0,13,10,199602140LAL
Grant Hill,25,0,0,11,15,199602210DET
Jason Kidd,17,3,1,12,10,199602230DAL
Jason Kidd,26,0,0,12,12,199602290DEN
Blue Edwards,15,2,1,11,13,199603010VAN
Grant Hill,17,0,0,12,11,199603040DET
Larry Johnson,21,0,0,10,10,199603070CHH
Grant Hill,18,2,1,11,17,199603130DET
Shawn Bradley,19,1,11,3,17,199603140NJN
Kevin Johnson,14,4,0,13,10,199603150PHI
Chris Childs,18,1,1,14,10,199603160NJN
Grant Hill,20,1,0,10,13,199603170DET
Gary Payton,20,6,1,10,10,199603180SEA
Anthony Bowie,20,1,0,10,10,199603190ORL
Vlade Divac,10,1,0,13,10,199604050LAL
Grant Hill,16,1,0,10,10,199604070BOS
Jason Kidd,19,2,0,10,10,199604110POR
Hakeem Olajuwon,31,0,10,6,13,199604130HOU
Grant Hill,16,2,1,10,12,199604140DET
Shawn Bradley,11,1,12,2,10,199604170NJN
Shawn Bradley,17,0,10,0,13,199604190NJN
Patrick Ewing,28,0,1,11,15,199604190NYK
Jason Kidd,21,3,0,15,10,199604210SAS
Scottie Pippen,22,1,3,10,18,199605010MIA
Damon Stoudamire,21,1,0,10,10,199611080TOR
Charles Barkley,27,3,1,12,17,199611230GSW
Anthony Mason,14,0,0,10,10,199611260CHH
Chris Webber,19,6,3,10,12,199612150GSW
Grant Hill,17,5,0,11,10,199612180DET
Shawn Bradley,17,0,11,4,15,199612210NJN
Chris Mullin,19,3,1,10,10,199701030GSW
Grant Hill,34,1,0,14,15,199701180LAL
Clyde Drexler,17,0,0,11,10,199701190HOU
Mark Jackson,15,3,0,12,16,199701220DEN
Mitch Richmond,38,0,0,10,10,199701220SAC
Chris Childs,13,2,0,12,10,199701240CHH
Grant Hill,21,1,2,10,16,199701250DET
Mark Jackson,20,0,0,12,10,199701280UTA
Grant Hill,22,1,1,11,11,199702010NJN
Shawn Bradley,14,1,11,0,14,199702060NJN
Grant Hill,31,2,0,10,10,199702120DET
Kevin Johnson,22,5,0,17,11,199702120PHO
Chris Mullin,19,7,0,12,10,199702190GSW
Anthony Mason,15,1,1,10,22,199702250DAL
Karl Malone,32,3,1,10,13,199702270UTA
Grant Hill,29,1,2,12,12,199702280BOS
Chris Webber,23,2,2,10,15,199703010WSB
Mark Jackson,17,2,1,15,10,199703020IND
Anthony Mason,19,0,1,12,13,199703040CHH
Hakeem Olajuwon,22,3,2,10,16,199703040LAC
Anthony Mason,19,3,0,12,14,199703060CHH
Gary Payton,16,1,0,11,10,199703090POR
Kevin Johnson,19,2,0,13,10,199703170GSW
Gary Payton,14,6,0,14,12,199703180CHI
Damon Stoudamire,30,1,0,12,10,199703180TOR
Grant Hill,22,2,0,10,11,199703210DET
Clyde Drexler,17,2,0,11,10,199703220HOU
Jason Kidd,12,0,0,15,10,199703220HOU
Mark Jackson,10,3,1,12,11,199703250TOR
Latrell Sprewell,31,0,1,11,11,199703280PHO
Grant Hill,22,1,0,10,16,199703300DET
Grant Hill,31,2,0,10,11,199704020SAS
Grant Hill,22,3,2,12,12,199704040ATL
Jason Kidd,15,2,0,13,10,199704080PHO
Jim Jackson,24,0,2,10,11,199704100NJN
Grant Hill,20,4,0,10,14,199704110DET
Grant Hill,27,1,0,10,12,199704130DET
Michael Jordan,30,3,1,10,11,199704140CHI
Grant Hill,12,0,2,13,15,199704140ORL
Antoine Walker,23,2,2,10,10,199704160BOS
Antoine Walker,23,2,1,13,12,199704180PHI
Shareef Abdur-Rahim,26,0,1,10,10,199704190PHO
Jim Jackson,25,0,0,12,10,199704200NJN
Grant Hill,14,1,1,14,10,199711090VAN
Charles Barkley,15,2,0,12,11,199712020HOU
Grant Hill,27,1,2,10,16,199712030DET
Jason Kidd,13,2,0,10,12,199712260VAN
Gary Payton,22,4,0,11,10,199712300GSW
Jason Kidd,20,3,0,14,12,199801020PHO
Kevin Garnett,18,2,3,10,13,199801030MIN
Antoine Walker,27,1,1,10,14,199802010BOS
Rod Strickland,21,2,0,20,12,199802100GSW
Rod Strickland,17,2,0,10,11,199803100MIL
Jason Kidd,20,5,2,12,13,199803150PHO
Mookie Blaylock,10,1,1,12,11,199803170TOR
Grant Hill,18,3,0,12,16,199804050DET
Rod Strickland,21,1,0,13,11,199804050WAS
Shawn Bradley,22,1,13,0,22,199804070DAL
Grant Hill,17,3,1,10,13,199804120CHH
Michael Finley,23,1,0,10,11,199804140DAL
Marcus Camby,15,1,11,2,12,199804140NJN
Jason Kidd,14,3,0,11,11,199804150PHO
Bo Outlaw,25,0,5,10,13,199804170ORL
Marcus Camby,13,1,10,1,11,199804190TOR
Mark Jackson,22,0,0,13,14,199805130IND
Jason Kidd,28,0,2,13,11,199902150DEN
Jason Kidd,14,2,0,10,15,199902170SAS
Jason Kidd,17,0,1,12,10,199902220PHO
Mark Jackson,15,1,0,11,12,199902250CLE
Scottie Pippen,15,1,0,11,10,199902250HOU
Jason Kidd,14,6,0,16,12,199902250VAN
Chris Webber,17,1,0,10,10,199902250WAS
Gary Payton,28,3,0,12,10,199903010SAC
Jason Kidd,26,0,0,14,11,199903140PHO
Grant Hill,29,2,0,11,13,199903210DET
Vlade Divac,11,2,2,10,14,199904060SEA
Scottie Pippen,23,6,0,10,10,199904230LAC
Jason Kidd,22,2,0,14,10,199904250PHO
Rod Strickland,15,2,0,11,10,199904280ORL
Jason Kidd,11,1,0,11,13,199904290DEN
Mookie Blaylock,19,3,0,10,11,199905020CLE
Karl Malone,29,1,2,10,12,199905040UTA
Chris Webber,26,3,4,10,22,199911230SAC
Michael Finley,14,2,1,11,12,199911300CLE
Chris Webber,25,3,2,10,11,199912040WAS
Derek Anderson,16,0,0,12,10,199912060LAC
Michael Finley,33,2,0,10,14,199912110DAL
Kevin Garnett,22,7,1,10,15,199912140ATL
Jason Kidd,32,2,0,10,12,199912170POR
Jason Kidd,27,4,0,14,14,199912180PHO
Jason Kidd,15,2,1,10,11,199912210SAS
Michael Finley,33,4,0,13,13,199912230PHO
Jason Kidd,16,1,1,15,12,199912270UTA
Lamar Odom,10,1,0,10,13,199912300HOU
Terrell Brandon,27,0,0,14,10,200001090PHI
Jason Kidd,20,6,0,10,10,200001120VAN
Steve Francis,25,2,1,14,17,200001270HOU
Bobby Jackson,17,2,1,12,11,200001310MIN
Mark Jackson,15,0,0,15,10,200002040IND
Andre Miller,28,1,0,12,10,200002050CLE
Dikembe Mutombo,21,1,11,1,13,200002150ATL
Anthony Mason,12,0,0,11,10,200002220CHH
Chris Webber,22,0,2,11,10,200003060SAC
Antoine Walker,30,4,0,10,19,200003080BOS
Lamar Odom,10,1,1,11,10,200003100LAC
Gary Payton,22,2,0,10,10,200003120SEA
Lamar Odom,21,0,0,10,10,200003150SAC
Anthony Mason,12,2,1,11,15,200003250ATL
Tim Duncan,17,1,4,11,17,200003250SAS
Toni Kukoč,19,0,0,10,10,200003260IND
Michael Finley,20,0,0,10,12,200003280LAC
Bo Outlaw,10,0,4,10,14,200003280ORL
Chris Webber,21,1,2,11,10,200003280SAC
Anthony Mason,31,0,0,11,14,200003310CHH
Vlade Divac,14,2,0,11,11,200004020SAC
Mike Bibby,14,7,0,11,11,200004020VAN
Vince Carter,31,1,1,10,11,200004100TOR
Anfernee Hardaway,20,1,0,12,10,200004180PHO
Chris Webber,23,2,2,13,10,200004180SAC
Gary Payton,33,3,1,14,11,200004180SAC
Kevin Garnett,12,0,2,11,10,200004230POR
Anfernee Hardaway,17,4,2,13,12,200004290PHO
Kevin Garnett,23,0,0,10,13,200004300MIN
Gary Payton,35,6,0,11,10,200005030SEA
Jason Kidd,22,2,0,16,10,200005140PHO
Jason Kidd,24,5,0,11,10,200010310GSW
Gary Payton,27,1,0,10,14,200010310VAN
Jason Kidd,19,4,1,12,13,200011090PHO
Charles Oakley,10,1,0,12,11,200011110CHI
Jason Kidd,18,0,0,10,12,200011170PHO
Baron Davis,12,0,1,11,10,200011220CHH
Baron Davis,14,4,0,11,10,200011250CHH
Mark Jackson,11,2,0,11,11,200011260TOR
Lamar Odom,16,3,1,11,12,200011290LAC
Michael Finley,13,1,1,10,13,200012020GSW
Antoine Walker,16,2,0,12,10,200012080BOS
Kevin Garnett,26,2,1,10,13,200012150DET
Antoine Walker,20,0,0,10,11,200012160CHH
Gary Payton,19,1,1,10,12,200012200SEA
Jason Kidd,14,1,1,13,10,200012230PHO
Aaron McKie,19,0,1,14,10,200012300SAC
Aaron McKie,11,0,0,10,10,200101030PHI
Jason Kidd,11,1,1,14,10,200101050PHO
Antoine Walker,20,2,0,12,12,200101150MIN
Kobe Bryant,26,2,2,11,11,200101150LAL
Antoine Walker,29,2,0,10,11,200101180LAC
Jamal Mashburn,26,1,0,10,10,200101190CHH
Stephon Marbury,33,2,0,12,11,200101200NJN
Steve Francis,13,0,0,12,10,200101260HOU
Ray Allen,20,0,0,11,10,200102070BOS
Jason Kidd,19,1,0,12,10,200102140PHO
Kobe Bryant,25,1,0,10,10,200102160CHH
Terrell Brandon,27,2,1,16,10,200102230MIN
Kevin Garnett,18,2,2,10,10,200102280MIN
Kenyon Martin,18,2,3,11,15,200103050NJN
Toni Kukoč,20,1,1,11,10,200103130ATL
Steve Francis,16,2,0,11,10,200103130HOU
Jeff McInnis,21,1,0,11,12,200103160LAC
Toni Kukoč,29,0,0,10,10,200103170ATL
Chris Webber,28,6,0,12,10,200103200SAC
Lamar Odom,12,0,1,11,11,200103220LAC
Alvin Williams,11,3,2,14,10,200103230TOR
Jason Kidd,12,4,0,14,10,200103230PHO
Mookie Blaylock,13,2,0,12,13,200103240GSW
Lamar Odom,27,1,1,11,16,200103270LAC
Antoine Walker,23,1,1,11,11,200103290CHI
Lamar Odom,11,1,1,10,10,200103310LAC
Damon Stoudamire,15,4,0,10,10,200104060GSW
Jerry Stackhouse,28,2,0,11,12,200104090DET
Robert Pack,12,0,0,11,10,200104130DEN
John Stockton,12,0,0,10,11,200104280DAL
Andre Miller,30,1,0,12,10,200111020MIA
Jamaal Tinsley,19,1,1,23,11,200111220IND
Jason Kidd,16,3,0,11,12,200111220LAC
Jason Kidd,16,0,0,12,10,200111240SAC
Dikembe Mutombo,16,0,10,0,19,200112010CHI
Gary Payton,21,1,0,12,15,200112050DET
Anfernee Hardaway,12,4,1,11,10,200112290PHO
Baron Davis,28,1,1,11,10,200201030CHH
Allen Iverson,30,4,0,11,10,200201070PHI
Jason Kidd,16,2,0,12,10,200201140NJN
Steve Francis,26,1,0,10,15,200201180BOS
Steve Francis,23,0,0,11,12,200201240HOU
Andre Miller,25,1,0,17,10,200201260CLE
Jason Kidd,21,3,0,13,10,200201310NJN
Jason Kidd,31,3,0,10,10,200202020NJN
Vlade Divac,15,1,1,10,14,200202060BOS
Andre Miller,22,4,0,17,10,200202120CLE
Antoine Walker,30,0,0,14,12,200202120DEN
Kobe Bryant,23,1,1,15,11,200202120LAL
Jason Kidd,26,2,1,12,12,200202190NJN
Antoine Walker,30,1,0,10,14,200202190LAL
Mark Jackson,15,0,0,13,10,200202200CHI
Tracy McGrady,22,4,0,11,11,200202230ORL
Ben Wallace,10,1,10,1,17,200202240MIL
Jason Kidd,11,0,1,14,12,200203150NJN
Jamaal Tinsley,11,1,0,10,10,200203150MIN
Jason Kidd,30,2,0,10,10,200203190CLE
Gary Payton,25,4,1,11,10,200204020HOU
Chauncey Billups,26,1,0,10,11,200204030MIN
Tim Duncan,21,0,5,11,10,200204200SAS
Baron Davis,33,2,0,10,14,200204270ORL
Baron Davis,28,3,1,10,11,200204300ORL
Gary Payton,28,1,1,11,12,200205010SEA
Jason Kidd,18,0,1,11,13,200205190NJN
Jason Kidd,23,3,0,10,16,200205210NJN
Jason Kidd,15,1,1,13,13,200205310BOS
Jason Kidd,23,3,0,10,10,200206050LAL
Kevin Garnett,23,1,1,10,14,200211010MIN
Kobe Bryant,33,2,1,12,15,200211010LAC
James Posey,19,3,0,10,14,200211020POR
Kobe Bryant,33,1,0,12,14,200211030LAL
Jay Williams,26,2,0,13,14,200211090CHI
Jason Kidd,25,2,0,12,11,200211090CHI
Ben Wallace,12,1,10,1,19,200211200DET
Antoine Walker,27,0,2,10,11,200211220BOS
Kobe Bryant,15,1,0,11,11,200211240LAL
Kevin Garnett,20,2,0,10,13,200211270MIN
Kobe Bryant,24,1,3,11,10,200212030LAL
Sam Cassell,39,2,0,10,10,200212090CLE
Antoine Walker,33,3,0,10,11,200212130BOS
Jason Kidd,11,2,1,10,10,200212130NJN
Chris Webber,29,5,0,11,15,200212210PHO
Kevin Garnett,25,3,2,10,15,200212270CHI
Kobe Bryant,21,4,1,11,10,200301100LAL
Andre Miller,16,0,0,10,10,200301100SEA
Chris Webber,29,0,2,11,15,200301150SAC
Sam Cassell,14,0,0,16,11,200301220BOS
Jermaine O'Neal,18,0,10,3,10,200301220IND
Chris Webber,24,1,3,10,19,200301260TOR
Paul Pierce,27,3,0,13,13,200301260BOS
Elton Brand,17,2,1,10,14,200301260IND
Jason Kidd,26,6,0,15,11,200302230NJN
Tracy McGrady,46,0,2,13,10,200302230NJN
Jalen Rose,21,1,0,11,14,200302240CHI
Eric Snow,22,0,0,11,10,200302260PHI
Jamal Mashburn,18,0,0,13,13,200302260NOH
Latrell Sprewell,28,5,2,11,11,200302280NYK
Jason Terry,23,1,1,13,10,200302280CHI
Ray Allen,29,0,1,10,10,200302280SEA
Kevin Garnett,29,1,2,12,14,200303090PHO
Tim Duncan,24,1,2,10,15,200303140SAS
Kevin Garnett,17,2,3,10,11,200303160MIN
Steve Francis,13,2,0,12,11,200303210GSW
Rodney White,17,1,1,10,12,200303240DEN
Richard Jefferson,30,0,0,11,10,200303310NJN
Kevin Garnett,16,1,0,12,14,200304060POR
Jason Kidd,23,0,0,12,11,200304090ATL
Anfernee Hardaway,10,3,2,10,10,200304090PHO
Jamal Mashburn,15,3,0,11,10,200304160NOH
Jason Kidd,22,3,0,11,11,200305010MIL
Tim Duncan,15,0,4,10,20,200305010PHO
Paul Pierce,32,2,1,11,10,200305070NJN
Tim Duncan,21,0,8,10,20,200306150SAS
Jason Kidd,21,4,1,14,11,200310310NJN
Gilbert Arenas,25,3,0,10,12,200311050WAS
Jason Kidd,14,1,0,13,12,200311120NJN
Steve Nash,14,0,0,12,10,200311170DAL
Brad Miller,22,1,1,10,14,200311210SAC
Jason Kidd,13,2,0,10,11,200311250SEA
Paul Pierce,26,1,0,10,10,200311280BOS
Karl Malone,10,0,1,10,11,200311280LAL
Jason Kidd,16,1,0,11,10,200312050NJN
Brad Miller,18,2,2,10,15,200312070SAC
Kevin Garnett,35,2,2,10,10,200312180MIN
Jason Kidd,24,2,0,12,11,200312260DET
Jason Kidd,16,4,0,14,10,200312270IND
Antoine Walker,14,1,1,11,12,200401120NYK
Antoine Walker,11,0,0,13,17,200401140DAL
Andre Miller,24,4,1,10,10,200401260DEN
Kevin Garnett,20,1,3,10,20,200401280GSW
Ray Allen,18,1,0,10,10,200401280LAL
Jason Kidd,14,3,0,10,13,200402080NJN
Vlade Divac,14,0,3,11,11,200402170SAC
Jason Kidd,15,1,0,10,13,200402180NJN
Chauncey Billups,20,0,0,11,10,200402200DET
Gilbert Arenas,21,0,1,13,12,200402260WAS
Kobe Bryant,25,2,0,10,14,200402280WAS
Kirk Hinrich,11,1,0,10,12,200402280CHI
Gary Payton,23,0,0,10,10,200403020ATL
Lamar Odom,30,2,1,11,19,200403060MIA
Jason Kidd,13,3,0,13,10,200403120NJN
Gilbert Arenas,13,0,0,10,10,200403190WAS
Sam Cassell,14,1,0,11,10,200403230MIN
Bob Sura,12,2,0,12,11,200404090CHI
Bob Sura,15,0,0,11,10,200404100ATL
Steve Francis,18,3,1,12,10,200404190LAL
Chris Webber,19,1,2,12,13,200404200SAC
Kevin Garnett,20,1,3,10,22,200404210MIN
Jason Kidd,22,2,1,11,10,200405110NJN
Chris Webber,21,1,3,11,11,200411090SAC
Kobe Bryant,29,0,1,10,11,200411190PHO
Larry Hughes,33,1,1,10,10,200411280TOR
Kobe Bryant,10,2,0,10,12,200412030LAL
Kobe Bryant,20,2,0,11,14,200412080LAL
Kobe Bryant,36,2,1,14,10,200412170LAL
Dwyane Wade,31,1,1,10,10,200412300DET
Paul Pierce,19,1,2,10,10,200501030BOS
Jason Kidd,22,2,0,11,11,200501080ORL
Baron Davis,26,4,0,17,10,200501080NOH
Jason Kidd,10,2,0,11,10,200501150DAL
LeBron James,27,4,0,10,11,200501190POR
Mike Bibby,17,0,1,11,10,200501200SAC
LeBron James,28,1,1,10,12,200501220GSW
Paul Pierce,28,4,1,10,10,200502020BOS
Chris Webber,20,4,0,10,13,200502050POR
Jason Kidd,22,0,0,16,11,200502070NJN
Chris Webber,24,1,1,12,10,200502080SAC
Jason Kidd,28,0,0,12,12,200502090NJN
Chris Webber,14,0,1,12,17,200502130BOS
Jason Kidd,19,1,0,10,11,200502160NJN
Jason Kidd,14,5,1,10,10,200503130ORL
Andre Iguodala,10,4,0,10,10,200503230PHI
Steve Nash,12,0,0,12,13,200503300PHO
Damon Stoudamire,13,5,0,10,12,200504060POR
Jason Kidd,28,1,0,12,10,200504070NJN
Kobe Bryant,19,1,0,10,10,200504070LAL
LeBron James,40,2,1,10,10,200504090CLE
Kevin Garnett,21,1,1,11,15,200504130MIN
Damon Stoudamire,18,2,0,11,12,200504150GSW
Jason Kidd,11,4,0,16,10,200504170NJN
LeBron James,27,0,1,14,14,200504200TOR
Jason Kidd,16,3,0,13,16,200504280NJN
Steve Nash,34,1,0,12,13,200505180PHO
Chris Duhon,18,2,0,12,10,200511020CHI
Jason Kidd,10,3,0,11,11,200511050NJN
LeBron James,36,1,1,10,11,200511190PHI
LeBron James,32,5,1,11,11,200601040MIL
Dwyane Wade,19,0,0,10,10,200601040NOK
Jason Kidd,16,3,1,13,11,200601060NJN
Mike Miller,21,2,1,10,10,200601100MEM
Dwyane Wade,15,2,2,14,10,200601130SEA
Baron Davis,24,1,0,13,11,200601140GSW
Andrei Kirilenko,18,3,4,11,16,200601170UTA
Steve Francis,22,0,0,10,10,200601290ORL
Boris Diaw,14,0,1,13,11,200601310PHI
LeBron James,26,1,1,10,11,200602010CLE
Joe Johnson,15,1,1,11,10,200602010CHA
Vince Carter,28,0,0,10,13,200602040NJN
LeBron James,43,2,4,11,12,200602150BOS
Jason Kidd,12,2,0,13,12,200602210MIL
Jason Kidd,14,2,1,15,13,200603040NJN
Boris Diaw,24,0,0,10,10,200603050DAL
Paul Pierce,31,0,3,10,12,200603080BOS
Pau Gasol,21,4,3,12,12,200603080SEA
Jason Kidd,11,0,1,10,10,200603130HOU
LeBron James,37,0,1,12,11,200603220CLE
Andrei Kirilenko,15,3,10,3,14,200603250UTA
Charlie Bell,19,3,0,13,10,200603280MIL
Chris Paul,24,2,1,12,12,200604020TOR
Chris Paul,17,6,0,16,11,200604050NOK
Jason Kidd,13,3,0,12,10,200604060NJN
Jason Kidd,11,3,0,10,12,200604090MIL
Shaquille O'Neal,15,0,1,10,11,200604110MIA
Lamar Odom,15,0,1,10,13,200604110LAL
Boris Diaw,11,2,3,16,11,200604140GSW
Lamar Odom,16,1,0,12,12,200604140LAL
Boris Diaw,11,1,0,12,10,200604160LAL
Steve Nash,16,2,0,12,10,200604190POR
LeBron James,32,0,0,11,11,200604220CLE
LeBron James,21,4,1,10,10,200605130CLE
Jason Kidd,17,0,0,12,13,200605140NJN
Jason Kidd,14,0,0,10,10,200611010NJN
Ryan Gomes,10,0,1,10,12,200611080BOS
Jason Kidd,15,4,0,18,11,200611120WAS
Andre Iguodala,18,3,0,10,16,200611220MIL
Chris Paul,25,5,1,18,11,200612010NOK
Jason Kidd,38,1,0,14,14,200612070NJN
Jason Kidd,12,3,0,13,10,200612110NJN
Jason Kidd,10,3,1,10,10,200612130NJN
Boris Diaw,21,1,1,10,14,200612150PHO
Jason Kidd,10,2,0,12,11,200612180NJN
Mo Williams,19,0,0,10,11,200612200MIL
John Salmons,21,1,1,10,11,200612220DEN
Jason Kidd,23,2,0,11,14,200701110CHI
LeBron James,30,2,0,10,10,200701190DEN
Jason Kidd,18,1,0,10,10,200701220SAC
Pau Gasol,17,1,2,12,13,200701240UTA
Andre Miller,12,1,0,13,12,200701260PHI
Andre Iguodala,25,3,1,13,10,200702020PHI
Carmelo Anthony,31,0,0,10,10,200702050DEN
Kevin Garnett,17,1,1,10,15,200702070MIN
Kevin Garnett,26,0,0,10,11,200702110MIN
Jason Kidd,22,0,0,10,13,200702230NJN
Kevin Garnett,33,2,3,10,13,200703040BOS
Jason Kidd,11,3,0,14,14,200703040PHI
Andre Iguodala,25,0,0,10,11,200703070PHI
Lamar Odom,17,0,0,12,14,200704030LAL
Vince Carter,46,1,3,10,16,200704070NJN
Jason Kidd,10,4,0,18,16,200704070NJN
Brad Miller,17,2,1,11,10,200704100MEM
Jason Kidd,13,0,0,11,14,200704130NJN
Vince Carter,29,2,0,10,12,200704160NYK
Baron Davis,12,3,0,14,10,200704180POR
Jason Kidd,16,3,1,19,16,200704270NJN
Jason Kidd,23,1,0,14,13,200705120NJN
Jason Kidd,16,3,1,10,14,200711030PHI
LeBron James,32,3,2,13,15,200711070UTA
LeBron James,39,0,2,14,13,200711140CLE
Jason Kidd,11,2,0,10,19,200711160NJN
Jason Kidd,12,1,0,13,11,200711210POR
Caron Butler,26,2,0,10,11,200711230WAS
Baron Davis,33,0,0,15,11,200711230WAS
LeBron James,37,3,1,12,12,200711240CLE
LeBron James,30,4,1,10,11,200711250IND
Jason Kidd,12,0,0,12,15,200711270NJN
Andrei Kirilenko,20,6,4,11,11,200711300UTA
Tracy McGrady,17,2,2,12,10,200712050HOU
Jason Kidd,13,1,0,13,10,200712090WAS
Jason Kidd,11,2,0,11,10,200712110NJN
Kirk Hinrich,15,2,3,14,12,200712140CHI
Caron Butler,29,3,0,10,11,200712190WAS
Jason Kidd,15,1,0,12,11,200712220NJN
Marcus Camby,10,2,10,5,11,200712260DEN
Jason Kidd,11,3,1,12,10,200801040NJN
Jason Kidd,10,3,0,14,13,200801050ATL
Jason Kidd,13,1,1,12,11,200801080CHA
Josh Smith,22,3,5,10,12,200801230DEN
Baron Davis,25,5,0,10,12,200801240GSW
Jason Kidd,13,2,2,10,11,200801250DEN
Brandon Roy,20,1,0,11,10,200802010POR
Hedo Türkoğlu,13,0,0,13,12,200802040ORL
Dirk Nowitzki,29,0,1,12,10,200802060DAL
Earl Watson,23,2,1,10,10,200802060SAC
Jason Kidd,19,0,2,13,11,200802080CHA
Lamar Odom,10,1,0,10,16,200802130MIN
Carlos Boozer,22,5,0,10,11,200802130SEA
LeBron James,26,2,0,11,13,200802190CLE
LeBron James,31,2,1,12,14,200802200IND
LeBron James,24,1,2,11,10,200803100CLE
Hedo Türkoğlu,23,0,0,13,10,200803100ORL
Marcus Camby,13,1,4,10,15,200803160DEN
Caron Butler,17,2,1,12,12,200803300LAL
Chris Paul,16,5,0,13,10,200804060NOH
Baron Davis,20,1,1,11,10,200804100GSW
Jason Kidd,27,0,0,10,10,200804160DAL
Chris Paul,24,2,0,15,11,200804290NOH
LeBron James,27,2,1,13,13,200805020WAS
Tim Duncan,19,0,1,10,15,200805290LAL
Jason Kidd,16,4,1,10,11,200811110DAL
Dwight Howard,30,0,10,3,19,200811120OKC
Chris Paul,29,3,1,16,10,200811220NOH
Chris Paul,14,1,1,17,10,200811240LAC
Rajon Rondo,16,3,0,17,13,200812030BOS
Tracy McGrady,20,1,3,10,14,200812160HOU
Andre Miller,14,1,0,12,10,200812200PHI
Joe Johnson,20,1,1,11,11,200812230ATL
Chris Paul,15,1,0,16,10,200812300NOH
LeBron James,16,2,3,11,10,200901020CLE
LeBron James,30,3,1,10,11,200901130MEM
Chris Paul,33,7,0,11,10,200901140DAL
Kobe Bryant,28,2,0,11,13,200901160LAL
Kobe Bryant,18,1,0,12,10,200901210LAC
Chris Paul,27,7,1,15,10,200901260NOH
LeBron James,23,0,3,11,15,200901270CLE
Vince Carter,15,0,0,12,10,200902030NJN
Stephen Jackson,30,2,1,10,11,200902040GSW
Rajon Rondo,19,1,0,14,15,200902120DAL
Pau Gasol,12,0,2,10,13,200902170LAL
Russell Westbrook,17,2,1,10,10,200903020OKC
LeBron James,14,1,1,12,10,200903070CLE
LeBron James,32,2,2,11,13,200903100LAC
Chris Paul,30,4,0,13,10,200903110WAS
LeBron James,34,3,3,13,10,200903120PHO
Jason Kidd,21,2,0,11,10,200903130GSW
LeBron James,26,1,2,10,11,200903190CLE
Ramon Sessions,16,2,0,16,10,200904010MIL
Andre Miller,21,2,0,12,10,200904040PHI
Jason Kidd,11,0,0,12,10,200904150DAL
Rajon Rondo,19,5,0,16,12,200904200BOS
Rajon Rondo,25,2,0,11,11,200904260CHI
Rajon Rondo,15,2,0,18,11,200905060BOS
LeBron James,37,1,1,12,14,200905280CLE
LeBron James,23,2,0,12,11,200910280TOR
Rafer Alston,17,0,0,10,10,200911130ORL
Gilbert Arenas,22,2,0,11,10,200912120WAS
LeBron James,34,0,0,10,16,200912230SAC
Chris Paul,16,2,2,10,11,200912290HOU
Rajon Rondo,22,4,0,13,10,201001100TOR
Baron Davis,27,5,1,12,12,201001120MEM
Josh Smith,18,2,1,10,14,201002050ATL
Stephen Curry,36,3,0,13,10,201002100GSW
LeBron James,43,2,4,15,13,201002180CLE
Darren Collison,18,3,1,12,13,201002190NOH
Russell Westbrook,22,2,0,14,10,201002210MIN
Jason Kidd,19,2,0,17,16,201002260ATL
Tyreke Evans,19,0,0,10,10,201003100SAC
LeBron James,29,1,1,12,12,201003160DET
Rajon Rondo,11,4,0,15,11,201003240BOS
Beno Udrih,18,2,0,15,10,201003280CLE
Dirk Nowitzki,34,0,1,10,10,201003290DAL
David Lee,37,0,1,10,20,201004020GSW
Terrence Williams,27,1,0,10,13,201004090NJN
Jason Kidd,11,2,0,13,10,201004100SAC
Trevor Ariza,26,0,2,10,10,201004140HOU
Steve Blake,23,2,0,11,10,201004140LAC
LeBron James,37,2,1,11,12,201004250CHI
Rajon Rondo,29,2,0,13,18,201005090BOS
LeBron James,27,3,1,10,19,201005130BOS
Rajon Rondo,19,2,1,10,12,201006060LAL
Rajon Rondo,10,1,0,24,10,201010290BOS
Brandon Jennings,20,0,0,10,10,201010300MIL
Kobe Bryant,30,1,0,12,10,201011030SAC
Pau Gasol,20,3,0,10,14,201011070LAL
LeBron James,20,1,3,14,11,201011090MIA
John Wall,19,6,1,13,10,201011100WAS
Stephen Jackson,24,2,2,10,10,201011200CHA
Josh Smith,12,3,2,10,13,201011280TOR
Tim Duncan,15,0,2,11,18,201011300GSW
LeBron James,32,1,0,10,11,201012170NYK
Paul Pierce,18,4,1,12,10,201012190BOS
LeBron James,27,4,0,10,11,201012250LAL
Jason Kidd,12,2,2,13,10,201012300DAL
Russell Westbrook,23,2,0,10,10,201012310OKC
Hedo Türkoğlu,10,5,0,10,14,201101030ORL
Rajon Rondo,12,6,1,23,10,201101050BOS
Raymond Felton,23,1,0,11,10,201101070PHO
Russell Westbrook,32,1,2,13,10,201101130OKC
Derrick Rose,22,1,1,12,10,201101170MEM
Boris Diaw,25,1,2,11,11,201101170PHI
Russell Westbrook,35,0,2,13,13,201101280OKC
Jrue Holiday,11,0,0,11,10,201102020NJN
Dwyane Wade,22,0,0,10,12,201102040CHA
Rajon Rondo,11,0,0,10,10,201102130BOS
Andre Iguodala,13,4,0,10,12,201102160HOU
Jason Kidd,13,3,0,13,10,201103010PHI
Andre Iguodala,22,1,1,13,10,201103040PHI
Andre Iguodala,15,3,1,10,11,201103060PHI
JaVale McGee,11,0,12,1,12,201103150CHI
Kyle Lowry,28,3,0,10,11,201103200HOU
Chuck Hayes,13,2,0,11,14,201103230HOU
Blake Griffin,33,1,1,10,17,201103230LAC
LeBron James,27,0,0,12,10,201103290CLE
Jordan Crawford,21,0,2,11,10,201104010WAS
Drew Gooden,15,0,2,13,13,201104090MIL
Goran Dragić,11,0,1,11,11,201104130MIN
Blake Griffin,31,1,1,10,10,201104130LAC
Rajon Rondo,15,2,0,20,11,201104220NYK
Chris Paul,27,2,0,15,13,201104240NOH
Russell Westbrook,14,0,1,14,10,201105150OKC
LeBron James,17,0,1,10,10,201106090DAL
Rajon Rondo,18,1,0,14,11,201201010WAS
Kyle Lowry,16,3,0,10,10,201201230MIN
Kemba Walker,20,1,2,11,10,201201280CHA
Andre Iguodala,10,1,0,10,10,201201280PHI
David Lee,25,0,1,10,11,201202070GSW
Rajon Rondo,32,2,0,15,10,201202120BOS
Serge Ibaka,14,1,11,0,15,201202190OKC
Joakim Noah,13,0,1,10,13,201202220CHI
Rajon Rondo,15,0,0,10,11,201202290BOS
Rajon Rondo,18,1,1,20,17,201203040BOS
Drew Gooden,15,1,2,13,10,201203140MIL
Jarrett Jack,17,0,0,11,10,201203210NOH
J.J. Barea,25,3,0,14,10,201203230OKC
Rajon Rondo,16,0,0,14,11,201204010BOS
Rajon Rondo,10,2,0,20,10,201204110BOS
Carmelo Anthony,35,2,0,10,12,201204170NYK
Pau Gasol,22,0,3,11,11,201204180GSW
Ben Uzoh,12,4,1,12,11,201204260TOR
Andrew Bynum,10,1,10,0,13,201204290LAL
Rajon Rondo,17,4,0,12,14,201205040BOS
Rajon Rondo,13,4,0,17,12,201205120BOS
Rajon Rondo,18,3,0,10,10,201205260BOS
Rajon Rondo,22,1,0,14,10,201206090MIA
LeBron James,26,1,2,13,11,201206210MIA
Greg Monroe,21,1,0,11,12,201211070SAC
José Calderón,13,0,0,10,10,201211130IND
Kevin Durant,25,2,0,10,13,201211180OKC
Kobe Bryant,22,3,0,11,11,201211180LAL
Roy Hibbert,10,2,11,1,11,201211210IND
Larry Sanders,10,1,10,1,12,201211300MIN
LeBron James,26,3,2,11,13,201212040WAS
Rajon Rondo,16,3,3,14,13,201212070PHI
Tony Parker,27,0,0,12,12,201212100HOU
José Calderón,18,1,1,14,10,201212160TOR
Jordan Crawford,27,0,0,11,11,201212180WAS
Joakim Noah,11,1,3,10,13,201212180CHI
David Lee,23,0,0,11,11,201212210GSW
DeMarcus Cousins,12,1,0,10,10,201212300SAC
Jrue Holiday,16,2,2,10,10,201301020PHO
Rajon Rondo,14,3,0,10,11,201301050ATL
David West,14,1,0,10,12,201301120IND
Rajon Rondo,17,0,0,12,10,201301140BOS
Nicolas Batum,12,3,2,11,10,201301210POR
LeBron James,31,0,0,11,10,201301230MIA
Rajon Rondo,23,3,0,11,10,201301240BOS
Rajon Rondo,16,1,0,11,10,201301250ATL
Nicolas Batum,20,1,1,12,10,201301260POR
Paul Pierce,17,1,1,10,13,201301270BOS
James Harden,21,1,1,11,11,201302020HOU
Greivis Vásquez,21,1,0,12,11,201302080ATL
Paul Pierce,27,0,0,14,14,201302100BOS
Paul George,23,2,0,12,12,201302130IND
Kevin Durant,16,2,1,11,12,201302200HOU
LeBron James,16,2,0,11,10,201302230PHI
Kevin Durant,18,0,0,10,11,201302270OKC
Joakim Noah,23,3,11,1,21,201302280CHI
Kyle Lowry,10,5,0,10,10,201303020MIL
Blake Griffin,23,1,1,11,11,201303060LAC
Ricky Rubio,21,0,1,12,13,201303120MIN
LeBron James,25,3,2,10,12,201303200CLE
Paul Pierce,20,1,1,10,10,201303290BOS
Russell Westbrook,23,3,1,10,13,201303300MIL
Kobe Bryant,23,4,2,11,11,201304020LAL
Andre Iguodala,12,3,0,10,13,201304100DEN
Pau Gasol,26,0,0,10,11,201304120LAL
Pau Gasol,17,0,2,11,20,201304170LAL
Paul George,23,1,1,12,11,201304210IND
Pau Gasol,11,0,0,10,13,201304260LAL
LeBron James,30,0,3,10,10,201305220MIA
LeBron James,18,0,0,10,18,201306060MIA
LeBron James,32,3,1,11,10,201306180MIA
Nicolas Batum,11,0,1,11,12,201311020POR
Stephen Curry,18,5,1,12,10,201311040PHI
Ricky Rubio,12,5,0,14,10,201311100LAL
Lance Stephenson,13,0,0,12,11,201311110IND
Tony Wroten,18,0,1,11,10,201311130PHI
Lance Stephenson,10,4,0,10,11,201311220BOS
Jordan Crawford,11,1,0,10,11,201311290BOS
Kevin Durant,32,4,4,12,10,201312010OKC
Michael Carter-Williams,27,3,0,10,12,201312030PHI
Victor Oladipo,26,3,0,10,10,201312030PHI
Tyreke Evans,11,0,1,10,13,201312180LAC
Lance Stephenson,12,1,0,10,10,201312220IND
Russell Westbrook,14,1,1,10,13,201312250NYK
Stephen Curry,14,1,0,16,13,201312270GSW
Nicolas Batum,14,1,1,14,10,201401080POR
John Wall,28,3,0,10,11,201401220WAS
Kyle Lowry,18,0,0,13,10,201401240PHI
Kevin Durant,32,2,1,10,14,201401250PHI
Lance Stephenson,14,0,0,10,10,201401300IND
Jeremy Lin,15,2,1,10,11,201402010HOU
Steve Blake,11,3,0,15,10,201402050CLE
Joakim Noah,19,0,3,11,16,201402110CHI
Kevin Love,37,1,0,10,12,201402220UTA
Kyrie Irving,21,0,1,12,10,201402280CLE
Stephen Curry,27,0,1,11,11,201402280NYK
Joakim Noah,13,2,2,14,12,201403020CHI
Russell Westbrook,13,3,0,14,10,201403040OKC
Joakim Noah,10,0,2,11,11,201403050DET
Kevin Durant,27,0,0,12,10,201403090LAL
Kyle Lowry,20,2,0,11,12,201403090MIN
Michael Carter-Williams,23,2,0,10,13,201403100NYK
Paul Millsap,19,1,0,10,13,201403180ATL
Isaiah Thomas,24,0,1,10,11,201403180SAC
Ricky Rubio,22,4,1,15,10,201403190DAL
Paul George,10,1,0,10,12,201403210IND
James Harden,26,1,0,10,10,201403270HOU
LeBron James,17,1,0,12,10,201403280DET
Kevin Love,22,1,0,10,10,201403280MIN
Kevin Love,24,1,1,10,16,201404020MIN
Blake Griffin,25,1,1,11,10,201404030LAC
Kemba Walker,13,1,0,10,10,201404040CHA
Rajon Rondo,11,0,0,16,11,201404040BOS
John Wall,14,0,0,11,12,201404090WAS
Joakim Noah,15,1,2,10,13,201404090MIN
Stephen Curry,30,2,0,12,10,201404110LAL
Lance Stephenson,17,0,1,11,10,201404130IND
Russell Westbrook,30,1,1,13,10,201404290OKC
Russell Westbrook,27,2,1,16,10,201405030OKC
Russell Westbrook,31,3,0,10,10,201405070OKC
Chris Paul,13,2,1,12,10,201411030LAC
Rajon Rondo,13,0,0,15,10,201411050BOS
Kyle Lowry,13,1,0,10,11,201411070TOR
Michael Carter-Williams,18,1,0,16,10,201411290PHI
Kobe Bryant,31,0,1,12,11,201411300LAL
Tim Duncan,14,0,2,10,10,201412050MEM
Rajon Rondo,13,3,0,11,13,201412070BOS
Eric Bledsoe,27,2,2,16,11,201412080LAC
Rajon Rondo,12,1,0,10,10,201412100CHO
Michael Carter-Williams,16,0,0,11,11,201412130PHI
James Harden,24,1,2,10,10,201412130HOU
Eric Bledsoe,16,3,0,11,10,201412230PHO
Kobe Bryant,23,2,1,11,11,201412300DEN
Draymond Green,16,2,2,13,11,201501020GSW
Al Horford,21,0,1,10,10,201501130PHI
Russell Westbrook,17,4,0,16,15,201501160OKC
Hassan Whiteside,14,0,12,0,13,201501250CHI
Michael Carter-Williams,17,1,1,10,10,201501300PHI
Russell Westbrook,25,4,1,14,11,201502020OKC
Tyreke Evans,22,1,1,16,10,201502060OKC
James Harden,31,1,4,10,11,201502230HOU
Russell Westbrook,20,1,0,10,11,201502240OKC
Evan Turner,10,0,0,10,12,201502250BOS
Russell Westbrook,39,3,0,11,14,201502260PHO
George Hill,15,2,1,12,10,201502270IND
Russell Westbrook,40,1,0,11,13,201502270POR
Ricky Rubio,18,1,0,11,12,201503020MIN
Russell Westbrook,49,3,1,10,15,201503040OKC
James Harden,38,1,0,12,12,201503060HOU
Russell Westbrook,30,4,1,17,11,201503080OKC
Russell Westbrook,29,2,0,12,10,201503130OKC
Kyle Lowry,20,3,0,10,11,201503160IND
Reggie Jackson,11,0,0,10,11,201503180PHI
Elfrid Payton,15,2,0,12,10,201503180DAL
Elfrid Payton,22,4,0,10,10,201503200ORL
Russell Westbrook,36,1,0,14,10,201503200OKC
Evan Turner,19,0,1,12,10,201503230BRK
Reggie Jackson,26,1,0,10,11,201503270ORL
Evan Turner,13,0,0,12,11,201504010BOS
DeMarcus Cousins,24,3,6,10,21,201504010HOU
Russell Westbrook,31,1,0,11,11,201504010OKC
DeMarcus Cousins,24,1,3,13,20,201504030SAC
Russell Westbrook,40,0,0,13,11,201504050OKC
LeBron James,20,3,1,12,10,201504050CLE
LeBron James,21,2,1,11,10,201504130CLE
James Harden,16,1,1,10,11,201504150HOU
Blake Griffin,29,1,1,11,12,201504220LAC
Blake Griffin,24,0,0,10,13,201505020LAC
Blake Griffin,26,1,0,13,14,201505040HOU
James Harden,26,0,0,10,11,201505120HOU
LeBron James,37,3,0,13,18,201505240CLE
LeBron James,39,1,1,11,16,201506070GSW
LeBron James,40,1,0,11,14,201506140GSW
Draymond Green,16,3,1,10,11,201506160CLE
Victor Oladipo,21,3,1,10,13,201510300ORL
Rajon Rondo,14,4,0,15,12,201511070SAC
Russell Westbrook,22,1,0,11,11,201511100WAS
Rajon Rondo,14,3,0,15,11,201511110SAC
Russell Westbrook,21,3,0,11,17,201511130OKC
Rajon Rondo,23,2,0,14,10,201511130SAC
Draymond Green,16,2,4,12,10,201511140GSW
Brandon Knight,30,4,0,15,10,201511160PHO
Hassan Whiteside,22,0,10,0,14,201511170MIA
Rajon Rondo,12,1,0,10,12,201511180ATL
Marc Gasol,16,4,0,11,11,201511200MEM
Draymond Green,14,1,2,10,10,201511270PHO
Draymond Green,13,1,4,12,11,201511280GSW
Russell Westbrook,19,3,0,10,11,201512060OKC
Nicolas Batum,10,1,1,11,11,201512090CHO
Kevin Durant,25,1,0,10,12,201512100OKC
Raymond Felton,10,1,0,11,11,201512120DAL
Draymond Green,16,5,1,10,11,201512160GSW
Stephen Curry,23,2,0,10,14,201512280GSW
Draymond Green,10,2,2,16,11,201512310HOU
Draymond Green,29,4,1,14,17,201601020GSW
Draymond Green,13,1,2,10,15,201601040GSW
Draymond Green,11,0,1,10,13,201601080POR
Russell Westbrook,12,2,0,10,11,201601150OKC
Marcus Smart,10,2,2,11,11,201601150BOS
Hassan Whiteside,19,1,11,2,17,201601150DEN
Russell Westbrook,13,2,0,15,10,201601170OKC
James Harden,33,1,0,14,17,201601200HOU
Stephen Curry,39,1,0,12,10,201601220GSW
Rajon Rondo,11,2,1,10,10,201601230SAC
James Harden,23,0,2,10,15,201601240HOU
Russell Westbrook,26,1,1,14,10,201601290OKC
Draymond Green,20,2,2,10,10,201601310NYK
Russell Westbrook,17,1,0,11,13,201602010OKC
Russell Westbrook,24,2,0,14,19,201602030OKC
Draymond Green,12,1,5,12,10,201602030WAS
Hassan Whiteside,10,0,10,0,10,201602050CHO
John Wall,18,2,1,10,13,201602050WAS
DeMarcus Cousins,24,2,0,10,10,201602050BRK
LeBron James,21,2,1,10,10,201602080CLE
Draymond Green,18,0,0,10,11,201602200LAC
Kyle Lowry,22,0,0,11,11,201602220NYK
Giannis Antetokounmpo,27,3,4,10,12,201602220MIL
John Wall,16,2,1,11,12,201602230WAS
Pau Gasol,22,1,3,14,16,201602270CHI
Giannis Antetokounmpo,18,4,2,11,16,201602290MIL
Russell Westbrook,20,3,0,15,13,201602290SAC
Giannis Antetokounmpo,26,3,4,10,12,201603060MIL
Russell Westbrook,15,1,1,11,10,201603060MIL
Pau Gasol,12,1,5,13,17,201603070CHI
Russell Westbrook,25,2,1,19,11,201603090OKC
Matt Barnes,26,2,0,10,11,201603110MEM
Giannis Antetokounmpo,28,4,2,14,11,201603130BRK
Russell Westbrook,17,2,1,16,10,201603140OKC
John Wall,29,3,1,12,10,201603160WAS
John Wall,16,2,0,14,13,201603170PHI
Russell Westbrook,20,1,2,10,15,201603180PHI
Russell Westbrook,14,1,0,14,11,201603190IND
Zach Randolph,28,0,0,10,11,201603190MEM
LeBron James,33,0,0,11,11,201603210CLE
Russell Westbrook,21,1,0,15,12,201603220OKC
Elfrid Payton,20,1,0,10,10,201603230DET
James Harden,32,1,1,13,10,201603250HOU
Julius Randle,13,0,1,10,18,201603250LAL
LeBron James,27,1,2,11,11,201603260NYK
Draymond Green,13,1,3,11,11,201603270GSW
Russell Westbrook,26,1,0,12,10,201603280TOR
Nicolas Batum,19,1,0,12,11,201603290PHI
Giannis Antetokounmpo,18,2,3,11,11,201604010MIL
Jimmy Butler,28,3,2,12,17,201604020CHI
Draymond Green,22,2,3,10,10,201604030GSW
Russell Westbrook,13,2,0,12,14,201604050DEN
Rajon Rondo,27,2,0,12,10,201604050SAC
Russell Westbrook,13,1,0,14,10,201604110OKC
Jimmy Butler,10,0,1,10,12,201604130CHI
Draymond Green,23,1,3,11,13,201605010GSW
LeBron James,23,3,0,11,11,201605190CLE
Russell Westbrook,36,4,0,11,11,201605240OKC
LeBron James,27,2,3,11,11,201606190GSW
LeBron James,19,0,1,14,11,201610250CLE
Russell Westbrook,51,2,0,10,13,201610280OKC
Russell Westbrook,33,1,1,16,11,201610300OKC
James Harden,24,1,0,15,12,201611090SAS
James Harden,25,0,0,13,11,201611120HOU
Russell Westbrook,41,0,0,16,12,201611130OKC
Julius Randle,17,0,0,10,14,201611150LAL
James Harden,26,3,0,14,12,201611170HOU
Russell Westbrook,30,1,0,13,10,201611180OKC
Russell Westbrook,31,1,0,15,11,201611200OKC
Giannis Antetokounmpo,21,5,3,10,11,201611210MIL
LeBron James,31,3,0,13,10,201611230CLE
Russell Westbrook,36,1,1,17,11,201611250DEN
Russell Westbrook,17,1,1,15,13,201611260OKC
LeBron James,26,1,0,13,10,201611270PHI
Russell Westbrook,27,2,0,14,17,201611280NYK
Chris Paul,26,2,1,13,10,201611290BRK
Russell Westbrook,35,2,0,11,14,201611300OKC
James Harden,29,2,1,13,15,201612010GSW
Rajon Rondo,15,3,1,12,10,201612020CHI
Russell Westbrook,28,1,0,12,17,201612040OKC
Russell Westbrook,32,1,1,12,13,201612050ATL
Marc Gasol,28,3,2,10,11,201612050NOP
Giannis Antetokounmpo,15,2,4,11,12,201612070MIL
Russell Westbrook,27,3,0,10,10,201612090OKC
Tim Frazier,14,5,1,11,11,201612110PHO
Draymond Green,12,4,1,10,14,201612130NOP
James Harden,15,1,0,14,11,201612140HOU
James Harden,29,0,0,13,11,201612160HOU
Russell Westbrook,26,2,1,22,11,201612170OKC
Nicolas Batum,20,1,1,10,11,201612230CHO
Russell Westbrook,45,1,0,11,11,201612230BOS
Russell Westbrook,29,0,0,11,17,201612270MIA
Karl-Anthony Towns,15,0,2,10,11,201612280DEN
James Harden,30,5,2,10,13,201612300HOU
Kevin Durant,19,0,0,10,11,201612300GSW
Malcolm Brogdon,15,0,0,12,10,201612310CHI
James Harden,53,0,0,17,16,201612310HOU
Russell Westbrook,17,2,0,14,12,201612310OKC
James Harden,23,3,0,10,10,201701020HOU
Draymond Green,15,0,0,13,10,201701020GSW
Julius Randle,19,1,0,11,14,201701030LAL
Russell Westbrook,32,3,0,11,17,201701070OKC
James Harden,40,2,2,11,10,201701080TOR
James Harden,40,0,0,10,15,201701100HOU
Russell Westbrook,24,2,1,12,13,201701110OKC
Russell Westbrook,21,2,0,12,11,201701130MIN
James Harden,22,1,0,11,12,201701150BRK
Russell Westbrook,36,4,0,10,11,201701150SAC
Draymond Green,11,1,5,11,13,201701160GSW
James Harden,40,2,0,10,12,201701170MIA
Russell Westbrook,27,2,2,13,15,201701180GSW
DeMarcus Cousins,25,1,3,10,12,201701180SAC
LeBron James,26,2,0,12,10,201701230NOP
Russell Westbrook,38,4,1,10,11,201701230UTA
LeBron James,24,2,1,11,13,201701250CLE
Russell Westbrook,27,1,1,10,12,201701250NOP
James Harden,51,2,1,13,13,201701270PHI
Russell Westbrook,20,1,1,10,12,201701290CLE
Russell Westbrook,38,3,0,12,13,201702030OKC
Nikola Jokić,20,1,0,11,12,201702030DEN
DeMarcus Cousins,22,1,2,12,11,201702030SAC
Kyle Lowry,15,1,0,11,10,201702050BRK
Blake Griffin,26,1,0,11,11,201702060TOR
Russell Westbrook,29,4,0,11,12,201702090OKC
Nikola Jokić,17,2,0,12,21,201702130DEN
James Harden,38,0,1,12,12,201702150HOU
Eric Bledsoe,25,2,0,13,10,201702150PHO
Russell Westbrook,38,3,1,12,14,201702150OKC
LeBron James,18,0,3,15,13,201702230CLE
Russell Westbrook,17,3,0,17,18,201702240OKC
Jimmy Butler,18,1,0,10,10,201702250CLE
Russell Westbrook,41,1,0,11,11,201702260OKC
Nikola Jokić,19,0,1,10,16,201702280CHI
Russell Westbrook,43,0,0,10,11,201702280OKC
LeBron James,28,1,1,10,13,201703010BOS
Nikola Jokić,13,1,0,10,14,201703010MIL
Ricky Rubio,11,3,0,10,13,201703040SAS
Elfrid Payton,16,1,0,10,11,201703060ORL
Julius Randle,13,1,0,10,18,201703070DAL
Elfrid Payton,22,2,2,14,14,201703080ORL
LeBron James,29,1,0,10,14,201703090DET
Russell Westbrook,23,2,0,13,13,201703090OKC
Russell Westbrook,33,2,2,14,11,201703110OKC
LeBron James,24,0,1,12,12,201703110ORL
James Harden,38,1,1,11,10,201703120HOU
Elfrid Payton,13,0,1,13,10,201703130SAC
LeBron James,16,0,0,12,11,201703140CLE
Russell Westbrook,25,2,1,19,12,201703140BRK
James Harden,18,2,0,13,12,201703150HOU
Russell Westbrook,24,1,0,16,10,201703160TOR
Marc Gasol,18,0,0,10,10,201703160ATL
Nikola Jokić,17,0,0,10,14,201703160DEN
James Harden,41,2,0,11,14,201703170NOP
James Harden,40,2,0,10,10,201703180DEN
Russell Westbrook,18,0,2,14,11,201703220OKC
Elfrid Payton,14,0,0,10,11,201703240ORL
Russell Westbrook,39,0,0,13,11,201703260HOU
Russell Westbrook,37,2,0,10,13,201703270DAL
James Harden,24,1,0,13,11,201703280HOU
Russell Westbrook,57,3,0,11,13,201703290ORL
Nikola Jokić,26,0,0,10,13,201703310CHO
Russell Westbrook,32,0,0,12,15,201703310OKC
Elfrid Payton,20,1,0,11,11,201704010BRK
Russell Westbrook,40,2,0,10,13,201704020OKC
LeBron James,41,2,1,11,14,201704020CLE
Draymond Green,11,1,1,13,11,201704020GSW
LeBron James,18,2,1,11,11,201704040CLE
Russell Westbrook,12,2,0,13,13,201704040OKC
Jimmy Butler,19,2,0,10,10,201704060PHI
LeBron James,32,1,0,10,16,201704090ATL
Russell Westbrook,50,1,0,10,16,201704090DEN
James Harden,35,1,0,15,11,201704090SAC
Giannis Antetokounmpo,10,0,1,10,11,201704100MIL
Ty Lawson,22,1,0,12,10,201704110SAC
James Harden,27,4,1,12,10,201704120HOU
Russell Westbrook,51,4,1,13,10,201704190HOU
LeBron James,41,1,2,12,13,201704200IND
Russell Westbrook,32,3,0,11,12,201704210OKC
Russell Westbrook,35,3,1,14,14,201704230OKC
Draymond Green,17,2,0,11,10,201705080UTA
James Harden,33,1,1,10,10,201705090SAS
Stephen Curry,32,1,0,11,10,201706040GSW
LeBron James,29,3,1,14,11,201706040GSW
LeBron James,31,1,0,11,10,201706090CLE
Russell Westbrook,21,0,1,16,10,201710190OKC
Ben Simmons,21,1,0,10,12,201710230DET
LeBron James,29,0,4,13,10,201710250BRK
Russell Westbrook,28,3,0,16,10,201710250OKC
James Harden,27,1,0,11,10,201710270CHO
Kyle Lowry,11,2,0,12,10,201710270LAL
DeMarcus Cousins,29,3,0,10,12,201710280NOP
Russell Westbrook,12,2,0,13,13,201710280CHI
Russell Westbrook,12,0,0,10,10,201710310MIL
Ben Simmons,14,2,3,11,11,201711030PHI
James Harden,35,5,1,13,11,201711090HOU
Lonzo Ball,19,3,3,13,12,201711110MIL
Lonzo Ball,11,0,2,11,16,201711190LAL
Russell Westbrook,22,3,0,12,16,201711200NOP
Blake Griffin,26,1,0,10,10,201711220ATL
LeBron James,27,0,3,13,16,201711240CLE
Russell Westbrook,27,3,0,11,11,201711240OKC
Russell Westbrook,34,1,1,14,12,201712050OKC
Kevin Durant,35,0,2,10,11,201712060CHO
Ben Simmons,12,0,1,15,12,201712070PHI
Nikola Vučević,31,1,1,10,13,201712090ATL
LeBron James,30,3,0,13,13,201712090CLE
Russell Westbrook,20,1,0,14,11,201712090MEM
Rajon Rondo,13,0,0,12,12,201712110HOU
Russell Westbrook,10,2,0,12,17,201712130IND
LeBron James,25,2,2,12,12,201712140CLE
Russell Westbrook,27,2,0,15,17,201712150PHI
Kyle Lowry,10,4,0,12,10,201712150TOR
LeBron James,29,1,0,10,11,201712160CLE
LeBron James,20,0,1,15,11,201712170WAS
Ben Simmons,19,0,4,10,11,201712180CHI
Chris Paul,18,1,2,10,10,201712180HOU
Russell Westbrook,27,1,1,10,10,201712230UTA
Pau Gasol,14,0,0,10,11,201712230SAC
Draymond Green,12,2,1,11,12,201712250GSW
LeBron James,16,5,0,14,10,201712270SAC
Dennis Smith,21,1,0,10,10,201712290NOP
Russell Westbrook,38,1,0,11,15,201712310OKC
Draymond Green,17,2,1,10,14,201801040HOU
Russell Westbrook,29,1,0,11,12,201801040LAC
Russell Westbrook,26,2,0,11,10,201801070PHO
Nikola Jokić,22,3,1,11,12,201801080GSW
Jarrett Jack,16,2,0,10,10,201801100NYK
Khris Middleton,23,1,0,10,14,201801200PHI
DeMarcus Cousins,44,4,1,10,23,201801220NOP
Blake Griffin,32,1,0,12,11,201801220LAC
Ben Simmons,19,0,2,14,17,201801240PHI
Kevin Durant,28,2,3,11,10,201801250GSW
LeBron James,26,4,1,11,10,201801260CLE
Marc Gasol,13,0,5,10,12,201801260MEM
DeMarcus Cousins,15,3,0,11,13,201801260NOP
Russell Westbrook,31,2,0,13,11,201801270DET
Nikola Jokić,11,0,2,11,16,201801270DEN
James Harden,60,4,1,11,10,201801300HOU
Nicolas Batum,10,2,0,10,11,201801310ATL
Terry Rozier,17,2,2,10,11,201801310BOS
Nikola Jokić,29,1,2,14,13,201802010DEN
Russell Westbrook,16,1,0,14,11,201802020OKC
LeBron James,37,1,1,15,10,201802070CLE
LeBron James,22,0,0,19,12,201802090ATL
Rajon Rondo,25,0,1,12,10,201802100BRK
T.J. McConnell,10,6,0,11,10,201802120PHI
Nikola Jokić,23,0,1,11,13,201802130DEN
Ben Simmons,18,4,0,10,12,201802140PHI
Russell Westbrook,23,1,2,15,13,201802140MEM
Elfrid Payton,13,1,1,12,11,201802140UTA
Giannis Antetokounmpo,36,0,3,13,11,201802150MIL
Nikola Jokić,30,1,2,17,15,201802150MIL
Russell Westbrook,17,2,0,11,15,201802220SAC
LeBron James,18,1,0,11,14,201802230MEM
Nikola Jokić,28,0,0,11,11,201802230DEN
Julius Randle,18,0,0,10,13,201802230LAL
LeBron James,31,1,0,11,12,201802270CLE
LeBron James,25,2,0,15,10,201803030CLE
Elfrid Payton,11,1,1,14,10,201803040ATL
Draymond Green,11,3,2,10,12,201803080GSW
Russell Westbrook,21,1,0,10,12,201803100OKC
Anthony Davis,25,3,10,3,11,201803110NOP
Nikola Jokić,20,2,1,10,11,201803110DEN
Russell Westbrook,17,0,0,11,10,201803120OKC
Ben Simmons,10,0,0,10,13,201803130PHI
Russell Westbrook,32,1,1,12,12,201803130ATL
LeBron James,28,3,2,11,12,201803130PHO
Nicolas Batum,10,0,0,16,10,201803150ATL
Ben Simmons,13,1,0,12,10,201803150NYK
Nikola Jokić,23,3,3,10,12,201803150DEN
Russell Westbrook,16,0,0,11,10,201803160OKC
LeBron James,33,1,2,12,13,201803170CHI
Russell Westbrook,37,2,0,14,13,201803180TOR
LeBron James,40,2,1,10,12,201803190CLE
Ben Simmons,11,3,0,15,12,201803190PHI
Blake Griffin,21,2,0,10,10,201803220HOU
Kyle Lowry,25,0,0,12,10,201803230TOR
D'Angelo Russell,18,1,0,13,11,201803230TOR
Ben Simmons,15,2,0,13,12,201803240PHI
James Harden,18,2,0,15,10,201803250HOU
Jrue Holiday,21,0,2,11,11,201803270NOP
Ben Simmons,13,1,2,11,12,201803300ATL
LeBron James,16,0,0,12,13,201804010CLE
Russell Westbrook,26,2,0,13,15,201804010NOP
Ben Simmons,27,4,1,13,15,201804060PHI
LeBron James,44,2,1,11,11,201804060PHI
Greg Monroe,19,2,1,10,11,201804060BOS
Nikola Jokić,23,2,1,11,11,201804070LAC
Russell Westbrook,23,1,0,13,18,201804090MIA
Eric Bledsoe,20,3,0,11,12,201804090MIL
Nikola Jokić,15,2,1,11,20,201804090DEN
Markelle Fultz,13,2,1,10,10,201804110PHI
LeBron James,24,1,1,12,10,201804150CLE
Ben Simmons,17,4,0,10,13,201804210MIA
Ricky Rubio,26,2,1,10,11,201804210UTA
Victor Oladipo,28,4,0,10,13,201804270IND
Draymond Green,16,3,2,11,15,201804280GSW
LeBron James,26,1,2,13,11,201805010TOR
Jrue Holiday,27,1,0,11,10,201805080GSW
LeBron James,42,0,1,12,10,201805150BOS
LeBron James,33,2,2,11,10,201806060CLE
Kevin Durant,20,1,3,10,12,201806080CLE
Elfrid Payton,10,1,0,10,10,201810170HOU
Ben Simmons,13,1,2,11,13,201810180PHI
Nikola Vučević,27,2,0,12,13,201810200PHI
Nikola Jokić,35,4,1,11,11,201810200DEN
Giannis Antetokounmpo,32,2,3,10,18,201810240MIL
Ben Simmons,14,1,0,11,13,201810240MIL
LeBron James,28,3,0,11,11,201810250LAL
De'Aaron Fox,31,1,0,15,10,201811010ATL
Giannis Antetokounmpo,26,1,1,11,15,201811040MIL
Kevin Durant,33,1,2,10,11,201811120LAC
Joel Embiid,19,0,2,10,13,201811140ORL
Julius Randle,21,1,0,10,14,201811190NOP
Kyle Lowry,21,0,0,17,12,201811210ATL
Russell Westbrook,11,2,1,13,11,201811210GSW
Russell Westbrook,16,1,0,12,10,201811240OKC
James Harden,25,6,0,17,11,201811280HOU
Russell Westbrook,23,2,0,15,18,201811280OKC
Nikola Jokić,23,2,0,15,11,201812030TOR
Russell Westbrook,21,1,0,17,15,201812050BRK
Russell Westbrook,24,4,0,13,17,201812070CHI
Russell Westbrook,12,1,0,10,11,201812100OKC
Chris Paul,11,3,1,10,11,201812110HOU
James Harden,50,2,0,11,10,201812130HOU
Lonzo Ball,16,5,1,10,10,201812150CHO
LeBron James,24,1,0,11,12,201812150CHO
James Harden,32,2,0,10,12,201812150MEM
Ben Simmons,22,1,0,14,11,201812160CLE
Blake Griffin,19,1,0,11,10,201812170DET
Russell Westbrook,13,5,0,11,16,201812170OKC
Ben Simmons,13,1,1,10,12,201812190PHI
Russell Westbrook,19,6,0,17,11,201812190SAC
LeBron James,22,2,0,14,12,201812210LAL
Bradley Beal,40,0,1,15,11,201812220WAS
Russell Westbrook,23,1,0,10,11,201812230OKC
Kevin Durant,26,1,1,11,10,201812270GSW
Ben Simmons,13,3,1,12,14,201812270UTA
Giannis Antetokounmpo,31,2,3,10,10,201812290MIL
James Harden,43,2,0,13,10,201812310HOU
Russell Westbrook,32,4,0,11,11,201812310OKC
Nikola Jokić,19,1,3,15,14,201901010DEN
Russell Westbrook,14,2,2,10,16,201901020LAL
DeMar DeRozan,21,2,0,11,14,201901030SAS
James Harden,44,1,2,15,10,201901030GSW
Kyle Anderson,11,0,1,10,11,201901040MEM
Ben Simmons,20,0,0,11,13,201901050PHI
Russell Westbrook,22,0,1,13,15,201901060OKC
Nikola Jokić,29,1,0,10,11,201901080MIA
Nikola Jokić,18,0,2,10,14,201901100DEN
Russell Westbrook,24,2,0,24,13,201901100SAS
Ben Simmons,23,2,1,15,10,201901110PHI
Tomáš Satoranský,18,2,0,10,12,201901110WAS
James Harden,43,2,2,12,10,201901110HOU
Bradley Beal,43,3,2,15,10,201901130WAS
Giannis Antetokounmpo,12,3,0,10,10,201901150MIL
Jusuf Nurkić,10,0,5,10,10,201901160POR
Nikola Jokić,19,1,0,12,11,201901190DEN
Luka Dončić,18,1,1,10,11,201901210MIL
Russell Westbrook,29,1,0,14,10,201901220OKC
Marc Gasol,22,3,0,10,17,201901230MEM
Ben Simmons,21,1,0,15,10,201901230PHI
Russell Westbrook,23,2,0,16,17,201901240OKC
Lou Williams,31,1,1,10,10,201901250CHI
Nikola Jokić,32,1,0,10,18,201901260DEN
CJ McCollum,28,1,0,10,10,201901260POR
Russell Westbrook,13,1,1,11,13,201901270OKC
Luka Dončić,35,0,0,10,12,201901270DAL
Russell Westbrook,23,0,1,14,14,201901290ORL
Dennis Smith,13,0,0,15,10,201901300NYK
Nikola Jokić,20,3,2,10,13,201901300NOP
Russell Westbrook,14,1,1,14,12,201902010MIA
Nikola Jokić,13,0,0,10,16,201902020MIN
Russell Westbrook,22,2,0,16,12,201902030BOS
Russell Westbrook,16,1,1,16,15,201902050OKC
Nikola Jokić,25,1,1,10,14,201902060BRK
Luka Dončić,19,1,0,11,10,201902060DAL
LeBron James,28,3,0,12,12,201902070BOS
Russell Westbrook,15,4,0,15,13,201902070OKC
Nikola Jokić,27,3,0,10,10,201902080PHI
Russell Westbrook,21,2,1,11,12,201902090HOU
Paul George,47,2,0,10,12,201902110OKC
Russell Westbrook,21,1,2,11,14,201902110OKC
LeBron James,28,3,1,16,11,201902120ATL
Giannis Antetokounmpo,33,2,1,11,19,201902130IND
Nikola Jokić,20,1,0,11,18,201902130DEN
Russell Westbrook,44,1,2,11,14,201902140NOP
Blake Griffin,20,1,0,10,10,201902250DET
LeBron James,24,3,0,11,12,201902250MEM
Luka Dončić,28,0,1,10,10,201902250LAC
Eric Bledsoe,26,1,0,13,12,201902270SAC
Russell Westbrook,23,1,1,11,11,201902280OKC
Ben Simmons,11,2,2,11,13,201902280OKC
Ben Simmons,25,3,0,11,15,201903020PHI
Rajon Rondo,24,1,0,12,10,201903040LAL
Kyle Lowry,13,2,0,12,11,201903080NOP
Trae Young,23,1,0,11,10,201903090ATL
LeBron James,30,0,0,12,10,201903090LAL
Elfrid Payton,15,1,1,10,10,201903100ATL
Elfrid Payton,14,1,1,11,15,201903120NOP
Russell Westbrook,31,3,0,11,12,201903130OKC
Russell Westbrook,19,4,2,11,14,201903140IND
Kyrie Irving,31,1,1,12,10,201903140BOS
Elfrid Payton,14,1,0,16,12,201903150NOP
Elfrid Payton,16,1,0,16,12,201903160NOP
Luka Dončić,29,2,0,10,13,201903180DAL
Elfrid Payton,19,1,0,11,10,201903180DAL
Russell Westbrook,18,4,1,13,12,201903220TOR
Luka Dončić,23,3,0,10,11,201903230GSW
LeBron James,29,2,1,11,11,201903240LAL
Luka Dončić,28,0,0,12,12,201903260DAL
Russell Westbrook,17,2,1,12,11,201903270OKC
Goran Dragić,23,1,1,11,12,201903280MIA
James Harden,50,0,0,10,11,201903300HOU
Russell Westbrook,25,2,0,11,11,201903310OKC
Al Horford,19,1,0,10,11,201904010BOS
Evan Turner,13,1,0,10,11,201904010MIN
Russell Westbrook,20,3,0,21,20,201904020OKC
Evan Turner,13,0,0,11,12,201904030POR
Joel Embiid,34,2,3,13,13,201904040PHI
Mario Hezonja,16,1,0,11,16,201904050HOU
Delon Wright,26,2,0,14,10,201904050DAL
Russell Westbrook,27,1,0,15,10,201904070MIN
Delon Wright,20,0,1,12,13,201904070MEM
Luka Dončić,21,3,0,11,16,201904090DAL
Russell Westbrook,29,0,0,10,12,201904090OKC
Dwyane Wade,25,0,1,10,11,201904100BRK
Delon Wright,13,3,0,11,11,201904100MEM
Russell Westbrook,15,1,1,17,11,201904100MIL
Nikola Jokić,10,2,0,14,14,201904130DEN
Russell Westbrook,24,0,0,10,10,201904140POR
Ben Simmons,18,2,0,12,10,201904150PHI
James Harden,32,0,1,10,13,201904170HOU
Russell Westbrook,29,4,2,14,11,201904230POR
Draymond Green,16,0,4,10,14,201904260LAC
Nikola Jokić,21,1,3,10,15,201904270DEN
Nikola Jokić,33,1,2,14,18,201905030POR
Draymond Green,19,0,2,10,11,201905040HOU
Nikola Jokić,21,2,0,11,12,201905050POR
Draymond Green,20,4,1,12,13,201905180POR
Stephen Curry,37,1,0,11,13,201905200POR
Draymond Green,18,3,2,11,14,201905200POR
Draymond Green,10,1,0,10,10,201905300TOR
Draymond Green,11,3,2,13,19,201906130GSW
Giannis Antetokounmpo,30,1,1,11,13,201910240HOU
Luka Dončić,25,2,0,10,10,201910250NOP
Nikola Jokić,23,1,2,12,14,201910250DEN
Russell Westbrook,28,1,0,13,10,201910260HOU
Draymond Green,16,2,0,10,17,201910280NOP
Nikola Jokić,10,3,0,10,10,201910290DEN
Russell Westbrook,17,2,1,12,10,201910300WAS
Luka Dončić,31,0,1,15,13,201911010DAL
LeBron James,39,4,1,16,12,201911010DAL
Kyrie Irving,20,0,0,10,11,201911020DET
LeBron James,21,2,1,13,11,201911030SAS
Luka Dončić,29,0,0,15,14,201911030CLE
LeBron James,30,2,1,11,10,201911050CHI
Luka Dončić,38,0,0,10,14,201911080DAL
LeBron James,13,0,1,15,13,201911100LAL
Luka Dončić,33,3,1,11,10,201911140NYK
Russell Westbrook,28,2,1,10,13,201911180HOU
Luka Dončić,42,0,0,12,11,201911180DAL
LeBron James,25,2,0,10,11,201911190LAL
Luka Dončić,35,4,0,11,10,201911200DAL
Giannis Antetokounmpo,24,3,1,15,19,201911210MIL
Ben Simmons,10,2,1,13,10,201911220PHI
Nikola Jokić,18,3,1,10,16,201911220DEN
Trae Young,30,1,0,10,10,201911230ATL
Jimmy Butler,22,1,0,12,13,201912030TOR
Russell Westbrook,19,2,1,10,10,201912030SAS
Russell Westbrook,19,2,0,11,13,201912050TOR
Jimmy Butler,28,1,2,11,11,201912060MIA
Russell Westbrook,24,3,2,11,14,201912070HOU
Bam Adebayo,30,2,0,11,11,201912100MIA
Jimmy Butler,20,0,0,10,18,201912100MIA
LeBron James,25,2,0,10,11,201912110ORL
Draymond Green,14,4,0,12,10,201912110GSW
Luka Dončić,41,0,0,11,12,201912120DET
Bam Adebayo,18,2,2,10,11,201912140DAL
Nikola Jokić,28,1,0,12,14,201912140DEN
Ricky Rubio,10,2,0,14,11,201912160PHO
Kyle Lowry,20,2,1,10,10,201912180DET
LeBron James,21,0,0,11,12,201912190MIL
Nikola Jokić,22,0,2,10,10,201912200DEN
Giannis Antetokounmpo,22,2,0,10,11,201912210NYK
Ben Simmons,16,0,0,17,13,201912230DET
Nikola Jokić,22,1,0,10,12,201912230PHO
Nikola Jokić,31,1,0,10,10,201912280DEN
Luka Dončić,31,2,0,15,12,201912280GSW
Lonzo Ball,27,2,0,10,10,201912290NOP
LeBron James,31,2,1,12,13,202001010LAL
James Harden,44,1,1,11,11,202001030HOU
Ben Simmons,29,3,4,11,13,202001030HOU
Luka Dončić,39,2,0,10,12,202001040DAL
LeBron James,21,0,0,11,14,202001050LAL
Luka Dončić,38,0,1,10,11,202001060DAL
Trae Young,42,0,1,10,13,202001080ATL
James Harden,41,2,3,10,10,202001080ATL
Lonzo Ball,10,0,1,10,13,202001110BOS
Shai Gilgeous-Alexander,20,0,1,10,20,202001130MIN
Russell Westbrook,31,1,0,12,11,202001150HOU
Luka Dončić,25,0,0,17,15,202001150SAC
Markelle Fultz,21,1,0,10,11,202001150LAL
Lonzo Ball,18,2,1,11,10,202001180NOP
Andrew Wiggins,18,1,0,11,10,202001180MIN
Domantas Sabonis,22,0,0,10,15,202001190DEN
Ben Simmons,34,5,2,12,12,202001200BRK
Russell Westbrook,32,2,0,12,11,202001200HOU
Giannis Antetokounmpo,28,1,1,10,14,202001200MIL
Nikola Jokić,19,1,1,10,12,202001220HOU
LeBron James,27,1,1,10,11,202001230BRK
Kawhi Leonard,33,2,1,10,10,202001240MIA
Shabazz Napier,10,2,0,13,10,202001250MIN
Nikola Jokić,24,2,0,11,12,202001260DEN
Domantas Sabonis,27,0,1,11,14,202001260POR
Bam Adebayo,20,1,0,10,10,202001270MIA
Damian Lillard,36,1,0,11,10,202001290POR
LeBron James,15,2,0,11,10,202002010SAC
Nikola Jokić,39,3,2,11,10,202002020DET
Elfrid Payton,17,1,0,15,11,202002030CLE
Domantas Sabonis,15,0,0,10,11,202002050TOR
Nikola Jokić,30,2,0,10,21,202002050UTA
Ben Simmons,19,4,0,10,10,202002090PHI
Ja Morant,27,1,1,10,10,202002090WAS
James Harden,28,1,2,10,10,202002090HOU
Domantas Sabonis,23,1,0,11,10,202002100IND
Ben Simmons,26,1,0,10,12,202002110PHI
Kyle Lowry,12,1,0,12,11,202002120BRK
LeBron James,32,0,0,14,12,202002120DEN
Luka Dončić,26,1,0,14,10,202002260SAS
Aaron Gordon,17,0,2,12,11,202002280ORL
Nikola Jokić,23,1,0,11,18,202003010DEN
LeBron James,34,2,0,13,12,202003010NOP
Jrue Holiday,27,0,0,12,10,202003030NOP
Luka Dončić,30,1,1,10,17,202003040DAL
Caris LeVert,27,0,0,10,11,202003060BRK
James Harden,30,2,0,14,10,202003070CHO
Ricky Rubio,25,3,0,13,13,202003080PHO
Luka Dončić,28,1,1,10,13,202007310DAL
Nikola Jokić,30,2,0,10,12,202008030OKC
Luka Dončić,34,0,2,12,20,202008040SAC
Luka Dončić,36,1,0,19,14,202008080DAL
Ja Morant,12,0,0,10,13,202008130MEM
Jonas Valančiūnas,26,0,0,12,19,202008130MEM
